-0.228;4.6478;-0.9601;-2.3151;-0.4397;2.1622;-0.3027;0.1658;3.5793;3.7651;0.3925;0.0779;1.4632;1.3028;0.7925;-0.0881;0.5462;-9.2754;-0.0519;-0.2051;0.3328;0.1237;0.1606;0.0456;0.2994;-3.7037;-2.6368;-0.1887;2.7778;-0.293;-0.5843;-0.5024;-0.0508;0.2282;6.0751;-0.5693;3.1332;-0.0969;-0.6634;-0.6378;-0.1296;-0.472;-1.4676;2.9109;-0.4144;-0.0895;5.487;-0.3586;-0.7261;0.4647;1.0737;0.237;0.2363
0.3619;2.4148;1.3473;-12.8445;-0.1686;0.5435;2.159;4.1437;0.396;0.2111;0.6537;0.1305;1.6356;1.7678;1.825;2.5178;-0.4415;1.7699;0.7059;3.1735;1.4467;1.3919;1.0;2.8639;1.7136;-3.8005;1.0065;-0.656;5.8824;-2.0097;1.3536;1.6125;0.3571;-2.0281;-0.7453;0.4461;1.0554;1.8754;-0.3306;0.2776;-0.7814;-0.6338;1.9062;9.9812;1.2057;1.025;1.6971;-1.7303;0.5589;1.226;0.4827;1.6076;1.1699
0.2133;0.1932;-3.3285;-1.3113;-0.7397;0.0;-1.5941;-1.7972;-2.0402;1.5541;-1.6604;0.0773;-0.0974;-0.3204;-0.6046;-0.2901;-1.0284;3.0395;0.0;0.0706;-0.7005;-2.7676;-1.6677;-3.8809;-0.9816;1.8138;-2.107;-1.0433;-1.9231;-2.1079;-0.3373;-0.7416;-0.95;0.0799;-4.466;-1.0777;-0.5249;-1.8136;-5.7265;-1.7392;-0.7169;-1.1651;-0.274;-2.925;-0.4349;1.3753;-2.7623;-2.7286;-0.8136;-0.7272;-2.8414;-1.2418;-1.2537
0.3371;0.2091;0.6555;-0.1455;-0.2903;2.2222;1.7123;1.1364;1.978;-1.4003;1.3095;0.0925;3.4184;1.9392;0.4711;0.5127;-2.1431;-4.6377;0.2096;0.6392;-1.5843;0.3548;0.2895;0.5901;0.927;-1.3126;1.6152;0.3023;1.9608;1.9192;0.0844;1.1312;0.1113;8.6473;0.4878;0.5518;4.0984;0.5989;0.5878;0.3172;0.6504;0.2638;0.4646;0.1831;1.4293;0.1837;0.6227;2.455;-0.0536;-0.0612;-1.6816;1.0319;0.6927
-1.7715;-3.3104;-4.6528;0.3895;-0.7262;0.0;-1.2783;-1.2245;-0.8715;-0.5518;-1.2077;-0.0185;-4.761;-0.6489;-4.9381;0.1107;-1.1392;1.173;-0.2613;-0.1418;-3.0826;-2.9104;-0.427;-2.866;-0.4509;2.445;0.8773;-0.2783;0.9901;-1.8279;-0.7538;-0.1005;-1.9347;-1.9578;-2.6899;-2.3143;-1.3477;-1.5943;1.978;-2.1078;0.0;2.6167;-0.836;-1.9749;-0.4217;1.4916;-2.7556;-2.4296;-2.5174;-0.0994;-2.1756;-0.8905;-1.0733
-0.8289;-1.5121;-3.0303;-1.3449;-1.425;10.4294;-1.1116;0.0;-1.4458;1.9009;-0.7648;0.0038;1.1055;-1.7142;-0.2117;-0.8779;0.3673;2.0958;-0.4422;2.8446;-1.7371;-0.0712;-2.0955;-0.2639;-0.762;2.1223;-1.2225;-0.8508;-5.6075;-4.1509;-2.3712;-0.6616;-0.8655;-0.6091;-0.1895;-0.5196;-0.5362;-1.4493;6.3762;-2.7298;0.1298;1.4648;-0.1703;-0.5357;-0.2804;-1.4395;-1.5976;-1.658;-0.8122;-1.6683;1.1269;-0.7193;-0.446
-0.7656;-0.8991;0.0;2.4102;-1.8322;-1.2121;0.175;0.9615;-2.6477;2.9493;0.57;0.0;-1.4546;0.5411;-1.8696;0.3002;0.1762;-5.3824;-0.7744;-0.6522;-0.0325;0.8379;-0.3022;-2.9035;-0.4593;0.125;2.1337;0.8815;-1.8349;-7.3658;-0.811;0.464;-0.5089;-0.5218;-1.9207;-1.0908;0.5391;-0.2971;0.5987;-0.083;-0.0898;1.004;-0.4578;1.6334;2.4964;0.5234;-0.6264;1.927;-1.6318;-0.3669;1.1123;0.0553;-0.0702
-0.3454;-0.8192;-5.2329;-0.6839;0.0354;2.4845;-3.0843;-3.0626;0.2795;-1.2789;-2.1011;-0.3036;-0.3771;-3.0503;-0.8014;-1.9331;0.8362;2.6163;-0.2831;1.173;0.2445;-0.7131;-0.8523;-0.3828;-0.698;0.0;0.5722;-0.8053;3.8095;-0.1247;-1.8312;-1.7859;-0.2927;-0.0168;-2.1225;-0.449;-0.8021;-0.9365;3.7259;-0.0302;-0.6149;2.0903;-1.4372;-2.8219;-2.6063;1.31;-1.0865;-8.8795;-0.381;-1.9959;-1.8376;-1.3776;-0.8495
0.2688;2.8254;5.2384;2.0439;0.3818;-1.8293;0.8222;-0.1662;-0.1396;1.4633;0.1582;0.0543;-1.4746;1.5388;-0.8063;-0.5465;1.6792;3.9275;-0.9687;-1.0159;1.1585;0.2502;-1.3152;-0.1699;-0.4472;-1.4778;1.044;0.046;1.9417;-0.2736;0.0;-4.1893;1.596;-0.3522;-1.7575;1.6741;2.1858;-0.0134;-2.6344;0.8558;-0.3262;-0.4431;-1.3193;1.4311;0.0525;0.8176;2.7562;1.0788;0.7421;1.8231;1.9826;-0.3764;0.0715
0.9181;-0.7326;-2.3607;-3.0918;0.3153;1.8634;-0.2625;0.2666;-0.8989;3.2792;-0.8645;-0.0614;-0.9908;-1.1506;-0.3057;-1.4522;-0.4865;0.0;-0.8091;-1.0768;0.2668;1.5733;-1.0891;-0.6748;-0.5337;1.627;-2.2759;-1.1604;0.0;0.8275;-1.5674;0.3375;-0.738;-2.8669;-0.5039;0.2302;0.0;-0.1869;-2.5463;0.2364;-1.2977;0.1075;0.6306;0.7207;0.9541;-1.7609;-1.7987;-0.4942;1.296;-0.668;-0.915;-0.2967;-0.3116
0.2458;-0.6178;-3.0515;0.3393;-0.3037;1.8987;-0.3882;-0.1663;-1.8061;-1.8472;-0.4684;-0.2416;2.8861;0.5293;0.7873;-0.3546;-1.2739;0.0;-0.9268;-0.3577;-0.8071;-1.0656;-0.6562;-1.2495;-0.3002;-0.6219;-2.6585;-0.4079;-0.9615;0.327;1.0293;1.4535;0.574;0.0;-2.1462;-0.2435;3.9773;0.4156;-0.2309;0.6369;-0.6976;1.1419;0.5506;-3.1414;0.2125;-1.0999;-0.2733;-4.3481;0.399;0.6198;0.2157;-0.0228;-0.1068
-0.5461;-1.0119;-0.7571;-0.674;-0.5669;1.9355;0.0863;0.5351;-0.5537;-2.59;0.0698;-0.2582;-1.6541;1.857;1.0725;0.0192;-0.447;-2.3599;-1.1637;0.0;-0.8189;0.7236;-0.8296;1.0614;-0.1974;-0.2481;-0.3957;-0.6305;0.0;-0.5504;-0.237;-0.1439;-0.2566;1.3873;3.7304;-0.6541;0.8596;0.4038;1.1682;-0.7464;-1.2156;-1.3677;0.2342;1.5957;0.0;1.0185;-1.1233;-3.1129;-0.1126;-0.7044;-1.3305;0.0062;-0.174
0.8285;0.1458;-2.8799;3.9539;-0.3584;4.7297;1.8607;0.2011;0.4641;0.0546;-0.0897;-0.2018;-0.4227;0.6027;-1.365;-1.8625;-0.0052;3.0395;-6.9569;0.648;0.3992;0.0603;0.4992;0.3398;0.3553;0.75;-0.0912;0.5206;2.9703;4.1699;-1.325;0.09;0.4561;0.8326;-1.0125;-4.2376;3.869;0.2429;6.2035;0.0686;-0.7504;0.3094;0.9625;0.1776;0.4803;0.8717;0.6204;-0.583;1.2368;0.3423;0.535;0.4743;0.4042
-0.0524;-0.9031;0.4308;3.5233;-1.1022;-3.8961;0.3946;1.1525;-0.0818;0.3559;-0.8693;-0.1518;-0.4977;0.0;0.0;-2.2437;-2.2357;5.4487;-2.2737;1.8328;-1.5042;-0.1566;0.3205;-1.0924;0.792;-0.9901;-1.2463;0.4819;1.0;1.1515;-0.8501;-0.2814;-0.562;1.4701;0.2089;-3.2937;3.3846;-0.7898;4.1588;-1.6897;0.1332;-1.4057;-0.4036;1.259;-1.4206;-0.8642;-1.5314;-3.6174;-0.6276;-0.4444;-0.6379;0.1028;-0.2465
1.0379;0.3044;-0.5508;-2.9663;0.4598;-1.9108;1.2686;0.7514;-1.9917;-0.5445;-0.0592;-0.0513;0.9517;0.647;-0.543;-0.0919;0.4902;5.4054;-0.3142;1.6181;-0.0122;-0.8245;-0.4338;0.8902;-0.1307;-0.1236;-0.6859;-1.2239;-1.9608;-1.8552;-1.8954;0.3544;1.2883;1.6315;2.2582;0.227;4.5016;-1.5032;-1.0002;0.622;-2.3046;-0.9197;-0.6682;2.0183;-0.1576;-4.1704;3.1417;-0.1256;-1.0096;-0.074;4.3551;0.3381;0.1018
0.053;-2.3149;-4.5003;0.1511;-0.4537;0.0;0.8852;-0.4082;-2.9198;-0.3797;0.8028;-0.1886;1.515;1.6649;-1.3174;1.672;-1.2405;1.3699;0.4282;0.7576;-1.8066;-0.1076;-0.0747;-0.2537;0.6298;3.0573;1.2074;1.3088;0.0;-1.1877;-0.2269;0.1083;-0.7238;-0.3764;-3.1333;0.4047;1.9672;0.3042;3.2173;0.0641;2.1162;-0.3143;1.1149;0.3683;-0.1922;-0.2361;-1.1686;-3.414;1.3113;-0.8076;-0.1938;0.4122;0.2131
1.6425;0.156;2.5165;1.5337;-0.6335;1.2903;3.9927;0.4785;0.8507;-0.6467;0.5302;0.083;10.9241;3.072;0.6404;0.9048;0.4152;-5.1948;0.1806;1.9305;0.4623;1.6284;0.7429;0.5527;0.4031;-2.4845;-0.4956;-0.1147;3.0303;-0.3858;0.1515;0.7941;0.0;-1.3502;-0.7918;-3.6002;8.9286;1.8179;1.8836;1.8911;-0.5474;-1.7248;0.8518;0.0;-0.3657;1.6802;0.4197;5.1851;0.6423;0.8067;2.7596;1.163;0.404
-0.4343;0.0709;1.0291;0.0;-0.8742;-1.2739;-0.4581;0.0684;0.725;0.2973;1.048;0.0942;-1.6501;0.1698;-0.2242;-0.9799;-2.2327;-1.2821;-6.7579;0.5435;-0.1521;0.9074;0.0653;0.9442;0.8904;-13.4409;-0.15;0.7859;-3.8835;-1.8677;-1.419;1.4825;-0.9915;0.5089;-2.7659;-2.8266;2.5641;-0.6156;-2.0838;-0.8158;0.1418;0.1547;-0.1531;-1.0929;9.977;1.771;0.7508;-2.6697;-0.5077;-0.2878;-1.6233;0.172;-0.1709
0.5608;2.3232;5.5591;1.875;1.1478;-1.2579;1.4897;-0.1707;-1.7739;-0.081;-1.0272;0.0639;5.0394;1.0942;0.1235;1.1899;0.2481;-3.7037;-1.1241;0.9404;1.0521;2.0779;-0.614;-0.8511;0.977;0.1076;-0.2244;0.3945;4.0404;0.763;9.5745;1.2646;0.7218;-0.8244;2.6639;0.3177;-3.5336;1.0549;1.1876;2.0225;-1.3335;0.0516;0.0681;0.5494;3.1608;0.7692;2.3858;4.233;1.8999;0.721;0.9322;0.8017;0.6386
0.292;0.901;-0.9494;2.5093;0.8481;-2.454;-0.3688;1.0348;1.272;0.6797;0.5095;-0.1386;3.9064;-0.8298;0.3492;-0.4232;-0.119;0.0;-0.6412;-2.2222;0.1887;0.7948;1.469;-1.2605;-0.0212;-1.1702;-0.8309;-0.3699;2.0619;5.0494;0.9917;-2.443;0.727;4.0981;-0.1169;1.0582;-3.413;0.6945;-0.4344;2.4547;-1.0427;-0.9708;0.4274;-0.5464;-1.21;-1.5152;7.5454;4.1603;-0.2403;-0.5911;-4.091;-0.4849;-0.1858
1.5096;5.21;4.5665;0.0534;3.1579;1.875;2.3279;1.7907;1.5311;-1.1822;3.0039;0.1339;-5.01;0.2774;3.2806;1.8095;2.7451;6.9307;0.9605;2.3529;2.7267;1.8504;0.5245;3.0749;1.7941;-0.4237;-2.3896;-0.7572;7.7778;1.2442;1.34;2.966;2.0531;7.4116;4.7473;6.921;-1.6779;1.4927;1.7932;4.9473;-0.5689;-2.1497;2.5416;1.2915;1.1449;-1.6979;3.9514;0.1862;1.9875;3.3606;6.9235;1.3528;1.3916
-1.2254;-0.3227;-2.5161;-0.8475;-1.6522;-2.439;-0.0302;-0.2102;-1.8427;-0.2412;-0.272;-0.1788;3.8543;4.04;-0.5783;0.1822;-1.3317;0.0;0.9912;-7.2052;0.5678;-0.6891;0.0102;0.1735;-0.2085;10.7981;0.5095;0.577;7.1429;-2.3508;-0.995;-0.6836;-0.6964;-2.6195;-1.5083;-3.7332;-2.9316;-0.2894;-0.6589;-1.186;0.87;-0.3984;1.0629;0.1848;0.5558;1.7273;-0.5111;-2.6287;-1.1837;-1.2222;-2.2927;-0.1248;-0.22
0.1466;1.9981;3.5404;3.8504;1.8416;3.1447;0.4487;1.0623;3.2937;0.2418;2.0917;-0.0058;-1.636;2.0385;2.9286;0.2886;1.6136;0.3311;-1.8219;-1.5759;1.3116;2.0445;0.6871;1.0522;1.1638;-2.9613;-0.6939;0.6037;0.0;-0.0528;2.2034;2.217;1.5788;4.4585;-2.039;2.3054;2.3333;1.6959;2.6296;2.6599;-0.2032;-0.7291;2.3201;2.6565;1.0835;-0.2117;5.506;-0.7257;2.5097;1.1677;2.4949;0.6863;0.8679
-0.7224;-2.0117;-2.2208;0.6645;-2.4062;-1.8519;-1.4433;-1.4998;-1.2135;1.5276;-1.3183;-0.0726;0.7018;0.3637;-1.4894;-0.7731;-0.1987;3.0717;-2.088;0.94;-0.919;0.366;-0.0973;0.6176;-1.828;-5.0811;-0.7033;-0.9202;3.7037;-1.5592;0.0;0.7037;-1.1051;-1.656;0.4154;-1.2721;0.6711;-0.4881;-2.6572;-2.134;-0.3773;0.4219;-1.3059;-0.9398;2.6782;-0.1208;-1.7823;-1.5517;-0.2933;-1.2958;-0.5195;-0.4066;-0.6141
0.2107;-0.6484;2.1348;-1.3654;0.0971;0.0;-0.2563;1.7027;0.5497;-1.2392;-0.097;-0.0207;-3.828;-0.8341;0.8158;-0.0382;0.9829;-1.6779;0.1218;1.6164;-0.1282;-0.8295;0.0564;-0.0882;0.2434;6.6897;-0.2862;-0.8892;6.5789;2.8052;0.5968;-0.2361;0.0203;1.3349;-0.2073;1.0193;-2.6144;-10.0151;0.5639;1.6716;-0.1745;0.0248;-0.392;-0.3745;-0.6346;-2.5316;-0.9283;2.0353;-1.0431;0.219;-0.2878;-0.2281;-0.0758
-1.1059;-0.6141;-1.1214;-1.5062;-0.8157;0.6211;-0.1696;-0.3182;0.3093;-4.0579;-0.2558;-0.0952;-0.3925;1.0018;-8.2646;-0.4937;-1.5403;-2.6144;1.2328;1.7951;-1.0475;-0.0648;0.5566;-0.7437;-0.1144;-5.0383;0.3735;0.2514;-1.2987;2.4357;-0.8453;-0.1147;-1.3999;-3.7445;2.2094;-1.6952;6.6202;1.6975;1.3164;-2.2044;-0.6026;-1.0927;-0.1068;0.3759;-0.4281;-5.7175;-1.5887;2.3517;0.0091;-0.0377;-1.0817;-0.1472;-0.3059
1.7725;0.228;1.0667;2.8208;1.17;-1.227;0.9461;1.7999;0.9779;3.3387;-1.2359;-0.3191;-0.2957;0.8496;-2.7734;1.2399;2.4023;0.6579;1.3325;0.0;2.2278;-0.9621;0.2066;1.1952;0.2078;1.5573;0.3894;-0.5456;4.0541;-1.589;0.0;0.2492;0.9692;5.8275;-1.4908;1.9615;-2.381;2.7137;-1.2267;2.28;0.671;-0.4522;1.5362;-0.7463;0.5946;2.2998;1.5734;7.7881;1.2212;0.7988;3.5367;0.5475;0.4972
-0.7983;-0.9036;-3.2258;-0.7139;-0.3395;0.6173;-0.075;-0.5014;-0.1492;0.9981;-0.6917;0.4552;0.6046;-1.359;1.0442;-1.2341;-2.8823;-0.9772;-0.2906;-0.4468;-1.9017;-0.6753;-0.4064;-0.7033;-1.3151;1.0112;-3.0752;-1.5002;0.0;0.6506;-0.2529;-0.534;-0.7117;-2.5738;1.207;-1.9755;1.0309;-0.3527;3.0073;-2.4266;-0.6846;-0.6798;-3.5727;-3.4234;0.3291;2.8621;0.1718;0.5499;-2.3316;-1.3805;-3.0017;-0.7469;-0.8547
-1.3672;-1.7097;-5.2567;-2.4116;-0.6372;-1.2195;-0.4363;-0.3924;-0.727;-2.2416;-1.0003;-0.1949;11.058;-0.8311;0.5464;-0.2672;-2.352;-1.9169;-0.5369;-3.0325;-1.3945;-2.0225;-0.036;-1.1299;-0.7369;-0.2242;-0.4037;0.0448;-2.6316;0.0;-0.8361;-1.3173;-1.3839;-0.7327;0.1814;-2.4152;-2.349;0.0915;0.508;-1.8599;-0.0091;-0.4351;-0.7953;-0.7156;-0.7554;-0.0292;-2.3673;0.0842;-1.0647;-0.5966;-1.0187;-0.4078;-0.841
-1.3695;0.1037;-1.5051;-0.639;-1.6325;4.4586;-2.1291;-3.5112;-1.2365;-4.6278;-1.6993;-0.1529;-1.866;-2.2827;-0.3097;-1.1696;-0.7375;3.9867;-1.3244;-0.7168;-1.2027;-0.6327;-0.816;-1.5404;-1.3228;-7.0833;1.9299;0.5405;0.0;1.1794;-0.6644;-0.3251;-0.6775;-1.9886;-2.62;-2.5587;1.3605;-1.0352;-3.8349;-0.7703;1.6704;4.1016;-0.3446;-1.0619;-1.8437;-1.8625;-0.7538;-3.0172;0.5531;-1.0552;-0.5347;-1.292;-0.8746
0.1208;0.4465;0.3625;1.6784;-0.2323;3.2895;-1.5094;0.7631;-0.6604;-1.3644;0.0396;0.0;0.1423;-0.8703;-0.7841;-0.0094;0.5896;-1.3115;-0.527;-1.5526;0.105;0.1615;-0.7742;-2.0947;-0.2211;-0.9288;-0.2407;-1.2675;-2.5641;-0.7081;1.6034;-0.4234;-0.2644;-2.5655;-0.7016;0.8036;0.6849;-0.3739;2.3244;-1.5795;-4.5442;-0.5381;-0.5653;0.8929;-1.0313;-2.6771;1.9461;-1.228;-1.442;-0.8559;-2.7375;-0.5741;-0.3461
1.3147;1.6261;1.721;1.707;-0.6798;2.0134;1.926;0.523;1.9251;-0.1981;1.1621;-1.1729;-1.6384;4.4071;0.2976;-1.8604;0.4937;2.0067;4.0928;1.2866;-0.0919;1.1437;0.3351;3.5126;-0.1587;3.3049;0.4408;0.4019;0.0;0.7684;-0.4202;1.2609;0.1373;2.8793;3.0422;-0.7214;1.3889;0.2715;0.8063;2.3108;0.311;-1.1504;1.8674;2.9412;0.5584;-0.9392;-1.8417;1.1005;1.7627;-1.0568;0.6891;0.8875;0.7145
-1.649;-3.812;-1.7512;-1.465;-2.3166;2.7586;-1.5692;-0.3128;-0.5489;0.2233;-0.9263;0.0;2.8244;-1.6533;-1.0828;-0.194;-2.1168;-0.3333;0.7653;0.0;-2.4994;-1.3269;-0.5052;-1.9974;-1.0311;-0.4246;-0.4952;0.2686;-1.2658;0.8859;0.2527;-0.3142;-2.1211;-2.2904;0.7281;1.2455;-6.7961;-0.0129;-0.7254;-1.4728;0.9056;0.6098;-1.749;-0.5484;-0.2189;0.277;-3.6436;0.7104;-3.5221;-1.2509;0.946;-0.9005;-0.8673
-0.1568;0.1822;1.7824;0.4907;-0.9051;0.0;-1.3569;0.7706;-1.5682;0.9014;-0.5527;0.1569;-0.8659;-0.2674;0.2318;-1.5909;-0.1929;-0.6623;-0.3179;0.7199;-0.4492;-0.7141;-0.3724;-0.7592;0.377;0.2128;-0.6885;-0.1565;0.0;-0.7419;0.6785;0.3848;-1.1761;-1.5972;-0.1212;4.472;-0.6431;-0.0129;-0.8678;0.7661;-1.0294;0.2495;-0.1199;0.9225;-2.654;-2.1415;0.085;-0.6774;0.608;0.3443;-0.7457;-0.3778;-0.1078
0.22;0.712;-1.8697;8.9074;-0.5191;1.3986;-1.4912;-4.1303;0.5299;-0.175;1.1414;-0.0496;4.6036;3.937;0.1266;-0.1815;0.0434;3.7801;1.6807;-0.0719;0.419;0.4576;-0.0955;0.594;0.3025;0.0;0.8217;0.0224;5.3333;-1.6221;-1.1735;-0.17;0.4957;0.3562;4.0681;-1.1686;-0.3205;-0.4759;-4.0676;0.4513;-0.239;-0.1992;0.0685;-0.9141;1.3349;0.4083;-0.3296;2.8281;0.5063;0.6933;0.7793;-0.1793;0.1029
-0.2821;-0.2343;-1.719;-2.4334;-1.1627;-0.6944;-0.2185;-0.7664;-1.4107;0.9844;-0.6939;0.135;-5.3599;-2.3519;-0.0843;-0.0907;-1.3144;3.9286;0.4763;1.534;-1.2463;-0.529;-1.1039;-0.0848;1.3729;-3.8855;-0.0849;-1.1492;-6.25;-0.2158;-0.0837;-0.6072;-0.9816;-1.422;-0.3144;5.5339;0.9709;0.3614;0.5742;-2.1641;-1.6713;0.0872;-0.9506;2.6266;-0.663;1.24;-0.979;-3.9016;-1.0708;-0.845;-1.3183;-0.2211;-0.3958
0.5515;-0.633;0.1187;-1.3714;0.0548;-2.0408;-0.93;-0.3983;0.2751;1.6419;-0.29;0.114;-2.8437;-3.4287;-0.2209;-0.3523;0.3009;4.0892;-0.2807;-0.4364;0.2442;-2.0841;0.0647;0.255;-0.7127;-9.4444;2.4507;0.2881;2.5641;-1.6711;-2.1311;1.1524;0.7896;-0.8529;-1.4865;1.1596;2.3179;1.149;2.5012;0.7906;0.0435;0.3125;0.2553;-1.1132;0.2541;-0.8741;-0.214;-0.3582;0.1037;-0.8943;-3.6007;-0.3151;-0.2156
-0.7713;2.1784;0.8378;-0.1142;1.652;0.0;1.379;1.5504;-2.0903;2.0953;-0.9432;-0.0261;0.731;0.2189;0.3483;-1.2842;0.6103;0.3731;0.2597;0.1457;0.7515;0.8015;-0.8192;1.4662;-3.1627;-3.139;-0.9196;0.0222;2.6316;-3.2341;1.3289;0.3303;0.6897;2.1878;0.6233;2.9926;-11.6959;-0.4678;-1.5689;-0.1309;-0.8119;-0.978;-0.9273;-0.3697;-0.3701;1.6944;1.1576;1.1304;0.9512;0.5495;2.2746;0.5378;0.3969
0.2298;0.134;1.2727;1.6831;-0.0402;3.5211;0.1212;-1.5267;2.457;-1.8509;0.311;-0.1186;-4.1813;1.017;0.4453;0.5831;-0.8812;3.0769;1.1162;4.6494;0.173;0.0607;0.0889;1.0898;1.9747;10.2868;-0.8547;-0.3754;2.7027;0.8021;-2.0342;-0.3545;-1.7597;2.181;1.3902;0.8808;3.9514;-0.013;-0.3608;0.4544;-0.2069;1.0508;1.1943;-0.3683;0.8446;-1.7199;0.7014;2.1207;-0.3565;-0.61;-0.5387;0.0255;0.0949
-0.0887;-0.1338;-0.9604;-0.347;0.6493;-2.7397;0.4614;-2.0163;-0.3796;0.1545;-0.8698;-0.1707;1.6296;0.355;0.7477;0.3511;-0.4599;2.7668;0.3294;1.0008;-1.708;1.2425;0.1088;-0.434;0.4461;-5.8659;0.4867;0.7342;5.7143;-1.9284;-1.7586;-0.4913;-1.5745;1.3446;0.0949;-0.4439;0.9202;0.4831;1.6626;0.5934;1.4162;0.9854;-0.7955;-0.7313;-0.547;0.1641;0.3901;3.4235;0.2878;0.6856;-0.828;0.0552;-0.1835
-0.7202;1.6552;2.903;3.8438;-1.4891;-0.6803;-1.3956;-0.2595;1.5282;-2.5345;0.0422;0.095;-1.2212;0.5578;0.5585;0.3523;-1.7515;2.4291;1.4028;-0.9909;-3.4116;1.7397;0.1188;0.2175;-0.4645;-0.6475;-0.456;-0.6849;1.4493;0.127;-1.8053;0.5128;0.2879;2.1065;-2.0749;1.4945;-0.6098;1.4034;-1.6827;0.2814;-0.305;0.2279;0.3908;-0.9058;0.0391;-0.0547;2.6067;1.94;0.7645;0.0;-1.1355;-0.783;-0.4758
-0.9342;-2.6058;0.8723;1.4007;-1.8443;-0.6757;0.6603;-0.7725;-0.093;3.6681;-1.2188;-0.1641;0.8455;-2.097;-0.7463;-0.4317;-1.3012;-0.4032;0.0892;0.0763;-1.2361;-0.6095;0.4925;-1.2881;-0.1637;-1.6379;-0.9457;-1.8008;4.5455;-2.0164;0.0;-0.5979;-2.8602;-0.4121;-1.5849;-1.5295;-7.3446;-2.1125;-1.3049;-1.2546;-0.4079;-0.9655;-0.9593;-0.1808;-0.8718;1.7802;-1.5475;-3.6633;0.5123;-1.8298;-1.0193;-0.6774;-0.902
0.3141;-0.213;-12.5341;-3.184;3.0758;-4.5161;-0.9462;0.4202;-0.9078;-0.4918;-0.5803;0.0031;-1.018;-0.5215;-0.6356;-2.0527;23.3973;0.813;-0.4879;-0.3042;-0.365;-0.1615;0.8024;-0.6823;-0.0614;-2.4845;-0.0423;-0.3244;-4.3478;1.7477;0.5525;1.7612;1.1038;-0.6882;-0.4551;-0.0606;0.8547;-1.2668;-0.0711;-1.1654;0.1826;-1.4946;-6.5429;-0.3603;0.3304;-0.6632;0.0;0.6816;-0.0706;0.0982;2.739;-0.4426;0.3042
1.6913;3.7969;-3.1151;3.2887;-0.5101;1.9737;-0.3688;-0.3863;1.7809;1.6312;2.0069;-0.3039;-2.3092;0.6562;0.7793;0.7903;0.7833;5.5794;0.8499;0.6891;2.4086;2.6517;1.1464;0.9471;1.0748;5.3271;-0.7283;0.0649;2.9851;0.0;0.7955;-0.8509;1.8016;-0.3706;2.1382;2.2184;-0.5666;1.6387;-0.2837;1.1189;0.63;0.3719;1.4197;-0.8929;-1.3423;-0.5223;2.908;3.1866;0.6217;1.2721;0.6487;0.2987;0.6606
0.5634;3.2756;-2.4717;-1.3221;2.1386;-3.7975;2.7317;-0.7985;0.3224;-0.4453;1.085;-0.1107;0.7559;1.1057;1.0355;-0.0089;2.239;6.3927;0.4042;-0.7599;1.538;1.9363;-0.071;0.5628;-0.2337;3.9845;0.0981;-0.0433;1.5152;-1.9617;1.8638;-0.7312;2.1923;1.7921;-1.9149;6.0455;2.0231;1.2243;2.6699;3.2319;0.0876;0.5109;1.0477;-0.9939;0.4817;0.525;5.9971;2.4158;0.9647;3.0994;0.5162;0.5699;0.5787
-0.1997;-1.1211;5.9465;-0.2996;0.1001;-0.6289;-1.4706;1.3925;-0.7863;-2.3529;-0.8185;0.0442;0.5779;-1.2879;0.2054;-0.819;-0.8808;-1.7937;0.2476;-3.4483;0.2037;-1.6362;-0.1215;0.0867;0.3864;1.6798;0.4224;-0.8578;4.7619;1.3592;-2.9874;0.6983;-0.6693;0.4167;-1.0824;-0.7379;-1.1429;-1.2352;-3.445;-0.2981;-0.713;-1.0879;-3.1986;-0.1789;-0.9353;-0.8493;-0.7492;-2.6732;-0.3683;-0.1901;1.0431;-0.4264;-0.4861
-5.5633;0.9907;-0.8117;-0.1794;-1.0978;-2.454;1.0035;-1.184;0.2003;-1.6105;-1.6296;-0.1186;5.7396;2.1405;-0.2157;0.5223;0.5418;-0.8889;-0.247;2.9456;-0.2254;-1.4859;0.6215;0.3042;0.9965;-9.2377;2.3045;0.5174;-5.9701;4.718;2.2348;0.3951;-0.1882;0.9562;1.8059;-0.2748;2.6393;-0.8125;-2.5354;-0.6532;1.2235;1.0681;-0.404;1.2681;0.8858;2.3556;-3.037;-0.8975;0.2883;-1.0922;1.7314;0.3212;0.1041
-2.8401;-3.0345;-1.6498;0.0598;-2.0258;-5.2326;0.8664;-0.0959;-1.3699;0.2017;0.0032;-0.0178;-1.3685;2.0013;-0.3439;0.1951;-2.6762;4.6512;-0.2911;0.5315;-0.5008;0.1008;0.3271;-0.8617;0.3777;2.765;-0.644;0.4547;0.0;-2.0398;3.0885;0.9716;-1.1992;-2.0787;-0.4874;-1.7765;10.356;-1.4113;1.5777;-1.6559;-0.9417;-0.5871;-0.6484;1.845;0.4837;0.5924;-3.7113;-13.9326;-1.0783;-0.4823;11.4535;0.0302;-0.4902
-0.2885;-0.674;1.6225;-3.4104;0.6055;-3.9106;0.3702;-0.7299;-0.2103;3.0665;-0.1473;0.003;2.2509;-6.5263;-0.0537;-1.1745;-0.7931;13.7566;-0.5788;0.2283;0.1994;1.2637;0.0102;-0.557;-3.2092;2.649;-3.1462;-0.9438;3.0769;-0.5648;0.9267;-0.5121;-0.435;1.1172;-0.7257;0.411;-3.1348;-0.1143;-0.3698;-0.5871;-1.3844;-0.3362;-0.9633;-0.3676;-1.053;0.1695;2.4485;0.3935;-0.5583;-0.6437;-0.5263;-0.5358;-0.4623
-0.5166;-1.7119;-4.8379;2.0047;-1.3238;-0.5556;0.5396;-0.0317;-0.4449;0.575;-1.0366;0.0994;0.3816;1.4449;-0.3746;-1.5957;-4.2598;9.8837;-0.7731;0.3053;-0.0866;-0.5964;-0.0256;-1.6849;1.1436;-1.3993;-0.0692;-0.0643;-2.9851;0.4384;-0.6695;-0.3254;-0.0832;0.2658;0.0;-2.2313;10.3806;-0.9684;3.8905;-0.7598;-0.9201;-0.9984;-0.5021;0.9276;0.3073;-0.1693;-2.3425;1.8071;-0.2387;0.0787;2.5722;-0.1553;-0.3526
0.9464;-0.6213;-0.6646;-0.7026;-0.7909;1.1236;-1.1945;0.0317;-1.1256;-2.3481;2.0973;0.135;-0.6209;-3.1133;-0.2775;-0.5319;1.0228;-15.6863;0.466;-0.4559;-1.4047;0.2289;-0.6902;-1.0421;-0.6666;-1.7415;0.4172;0.3226;1.5152;-1.7482;1.0144;0.4358;-0.6888;-0.6976;-0.9287;-0.2586;-1.7007;-1.2666;-0.8335;-1.1364;2.7666;0.2967;0.4431;-0.9191;0.0;1.4597;-0.5029;-9.9007;-2.2892;-0.4063;0.8325;-0.4945;-0.2816
-0.0675;0.7828;-0.1022;0.5297;-1.2743;0.0;0.8569;-0.9119;0.0;-0.2038;-2.3483;-0.1573;-1.5007;-0.0835;-0.478;2.2635;-0.7398;-12.4464;0.2224;0.8429;-0.2722;0.2167;-0.4898;-0.6214;0.0817;-11.8027;1.2534;0.7584;1.5385;-1.0529;1.1976;-1.8122;-0.5571;-0.6555;2.6761;1.214;4.6263;0.0373;0.9861;-0.5689;0.6432;0.0124;0.4297;0.1842;0.3104;0.4023;0.1356;2.4923;-0.3444;-0.2843;1.3325;0.1765;0.0262
-0.7804;-0.7179;2.5131;-0.8173;-0.6321;-1.1111;0.6837;0.6329;-1.7666;-2.6531;-0.5375;-0.0392;-5.5825;1.8282;-0.6123;-0.1577;1.1415;9.3897;-0.2219;0.8501;-0.2794;-0.2923;-0.0303;0.2492;0.3799;-6.4297;-0.4067;-0.4315;-5.7971;-1.6519;0.5159;-0.2385;-0.1641;2.1623;7.7918;-0.5009;-14.0673;-0.9353;-0.7874;0.7643;-0.1847;-0.5288;0.1229;1.1173;-0.7126;-0.5998;-1.9932;5.0759;1.5917;0.4785;1.6854;0.2921;0.1444
0.2988;0.1928;0.2099;1.843;0.6478;0.0;1.2699;1.3145;-0.0381;0.9007;-0.5285;-0.289;-8.0002;4.5101;0.2116;1.3135;1.57;1.9139;0.3117;1.3312;0.9284;1.3002;0.9068;0.3752;0.2007;2.4806;-0.1121;0.5859;9.5238;1.4761;0.7799;0.3907;0.6147;1.7325;-3.7025;1.009;3.8095;0.6565;2.4444;0.6554;0.7354;0.0123;0.4011;3.4682;0.796;1.4195;-0.4065;-0.8552;3.8605;0.2004;0.9676;0.7747;0.7165
-0.6415;1.0945;-3.3958;3.0637;-0.5221;6.5089;0.3103;2.3294;2.1279;1.0109;-0.9693;-0.0033;-0.7678;1.6716;0.5638;0.4995;0.1166;-1.4151;0.4697;2.5703;0.2105;1.3702;1.1126;0.7983;1.2403;-6.8592;0.5211;0.5455;-1.5625;-0.2744;0.8741;0.3415;0.7301;0.0584;1.2716;1.336;0.0;0.7236;0.9376;-0.5193;-0.1327;0.1108;-0.0308;2.9762;-0.579;0.2323;0.0757;-0.2581;0.1364;-0.3424;-0.7616;0.498;0.4022
-0.4196;-0.4552;-1.4486;-2.1583;-1.2216;-1.7442;-0.23;-1.0068;-1.8592;1.9845;-0.6461;0.2456;-1.2586;-0.1579;-0.9066;-0.5588;-0.5853;5.4726;-0.5782;0.8097;-0.5708;-1.2373;0.5386;-1.4493;-0.4534;-5.137;-0.6992;-0.1307;8.4746;-4.1607;-1.6337;-1.5318;-1.2322;1.4224;0.5574;1.1319;-2.7778;0.0125;0.5208;-2.0311;-0.0707;-0.1966;-0.9017;-0.3953;-1.4832;1.6529;-0.0756;2.5227;-0.3625;-0.3907;0.7674;-0.4436;-0.6349
-0.2331;2.251;1.6244;2.3941;1.9669;-7.027;2.2245;1.4163;2.8149;-0.9193;1.5338;nan;1.9576;3.2123;0.1901;-0.0886;0.8801;-0.495;0.3795;1.0638;2.2826;0.7793;-0.4588;0.4994;-0.3822;2.4561;-0.8183;-0.4123;0.0;18.9758;1.3949;0.4503;1.3747;6.5909;2.0408;3.3977;5.1948;0.7163;3.5971;0.9071;-0.3085;-0.8892;-0.3806;2.2222;-0.3033;-0.0885;2.7586;2.6425;0.6752;0.6003;3.238;0.5465;0.766
-1.4438;-2.004;1.9141;-1.3325;-0.2067;-9.7561;-4.1101;-1.1719;-0.6891;-0.8105;0.7047;nan;-0.9651;-1.5672;-0.9416;0.3289;2.7647;-0.4926;-0.7092;-0.6504;0.654;-1.2316;-0.7165;-0.4557;-0.9839;2.4443;-0.8253;-0.3029;0.0;-1.8431;-1.2909;-1.1439;0.0186;0.828;-0.0669;1.2281;-1.5974;-0.5996;-0.3839;0.637;-0.7002;0.4896;-0.1216;-0.8016;-0.5468;-0.1472;-1.0762;0.9659;0.1828;-0.6683;-1.6266;-1.5506;-0.7857
-1.9579;1.0427;-2.2256;-0.9598;0.2285;0.4902;-0.1212;-0.0651;-2.0005;2.2004;0.417;-0.1516;0.0914;0.743;0.5999;0.0;0.5178;6.2827;0.6469;0.0;0.4605;-0.5613;-0.0869;-1.63;-0.493;1.9048;-1.2631;-0.8154;3.5088;-0.6106;0.0861;0.3599;0.0558;-0.0212;1.5275;1.7867;-1.5723;0.3762;-2.9558;5.1548;-0.6176;-0.6928;-0.4541;-0.2;-0.9709;0.6819;0.6382;9.8036;-0.2189;-0.4811;-1.8623;-0.4308;-0.3312
0.9839;-1.0245;-1.0511;-0.1796;0.2936;-0.4878;-1.2374;-0.4211;-1.1338;-0.847;0.3901;0.2383;-4.1379;-0.4852;-0.021;0.4375;0.7536;0.0;0.0893;0.0;-0.5639;0.5645;-1.1974;0.0;-0.3071;5.9783;-0.1221;-0.2782;-6.5574;-5.7053;-0.0861;-0.3278;0.6644;-1.9971;-1.3065;-3.3412;-0.3135;-2.9569;-3.4764;-1.2185;0.1045;0.1217;-0.1511;0.2004;-0.6677;0.5365;-0.72;-0.9532;0.5595;0.2767;-1.8923;-0.3469;-0.2422
0.1953;-1.3282;-2.0588;-3.5797;-0.3563;0.4902;-0.8565;-0.4836;-2.5175;-0.3581;-1.0326;0.2055;-8.0733;-1.029;-0.0736;-0.3559;-0.0695;-8.1731;-0.1115;-2.6128;0.5118;-1.1289;-1.1487;0.2042;0.3699;-0.9231;2.077;1.1034;0.0;-0.0785;-0.8533;0.3974;0.8398;-3.7445;-1.5177;-3.0442;-1.2384;-0.9283;-1.0908;-2.1633;0.9849;0.6122;-0.586;-2.1569;-0.1481;0.0;-0.8661;-4.1814;-2.224;0.6427;-1.2882;-0.2463;-0.2064
-0.0046;-1.0369;-2.3923;2.0625;-1.1276;0.9901;1.0685;0.1291;0.593;-2.1032;-0.8403;-0.1778;2.7611;0.1145;-0.6581;0.402;-0.5874;2.9703;0.2011;1.2831;-0.4729;0.3053;0.6333;0.0;0.5026;-11.1415;0.1109;0.6314;0.0;1.8376;-0.846;0.3052;-1.0088;-0.5971;-1.8459;-1.8639;1.2539;0.3751;-1.2412;-3.6146;1.3186;1.4156;-0.4339;0.3937;2.234;-0.0893;-1.6843;0.0808;-0.6061;-0.7794;-0.5445;0.3446;0.0398
-0.2042;0.4622;-6.236;3.5387;0.1051;0.4975;0.7339;0.454;-1.9976;-0.8933;1.3468;-0.2406;2.9353;-0.3195;0.4407;-0.0536;0.428;5.7592;0.2015;-0.5582;0.1618;1.7344;-0.5945;-0.5684;-0.0894;-0.1365;0.0416;0.5033;1.6667;-1.5211;1.9845;0.9431;-0.4649;1.0865;0.7176;1.5538;5.2805;-0.3257;1.4734;-1.5065;0.277;-0.3711;-0.0299;1.3972;0.3038;0.2388;-0.7983;0.4811;-0.1868;-0.6756;2.0595;0.2986;0.1694
-0.31;-13.2888;-7.0475;-3.5315;-0.1307;-0.9852;-0.5438;-0.1619;0.6335;-0.4938;-0.5365;-0.2897;-3.0019;-1.3063;-0.0315;0.0625;-1.002;-0.5208;0.1794;0.32;-1.251;-0.2324;-0.5663;1.9876;-0.4588;1.0345;-0.4693;0.1534;-3.2258;4.4371;-1.0248;-0.2071;-0.7749;-1.9724;-2.3878;-5.4763;-0.3289;0.5579;-1.452;-1.9763;-0.1962;-0.4924;-0.4319;-0.9881;-0.1706;-0.0895;-12.9032;-0.8426;-1.0912;-1.4563;-1.1632;-0.5171;-0.6161
-0.8167;1.662;-5.0673;-5.1897;-1.1563;-2.8708;-1.2325;-1.3414;0.5143;0.5961;-1.8475;-0.2436;-0.5829;-3.3101;-0.0734;-0.3561;-1.5835;1.5873;-0.0672;-2.1143;-1.7047;-0.7307;-0.3367;-0.7398;-0.4431;4.3165;0.5971;-0.1313;-3.125;0.634;-1.0144;-0.6854;-1.0949;-2.6311;0.5764;-1.5799;-0.9772;-0.242;-2.5337;-1.3338;-0.2313;0.8692;-0.2821;-1.3645;-0.4153;-2.5574;2.0713;1.1119;-1.397;-0.8253;0.9459;-0.9954;-0.7612
-0.8011;-1.3902;0.8383;4.2467;-0.2659;0.0;0.7204;0.1279;5.2727;0.0497;0.0308;-0.018;0.1715;1.0563;0.1575;-0.2221;0.6808;0.5319;0.0224;0.0784;0.8667;-0.4721;0.0049;-0.6533;0.0682;5.8644;0.7696;0.7053;-4.4776;-0.1651;0.7666;-0.7176;-0.5986;-0.5159;2.427;-1.0611;0.9868;0.0848;0.597;0.554;1.1154;1.436;-3.4967;0.7859;-0.1508;-2.2165;-4.9047;2.3761;0.2;0.1377;-0.4545;-0.0552;-0.0269
-1.471;0.7323;-0.5952;-3.427;-3.2671;0.4808;0.2913;0.4175;-0.0773;-0.9599;0.0247;-0.0111;0.498;1.4286;-0.8431;0.1156;0.2047;-4.5685;-0.9109;-1.6191;-1.4528;-0.5204;-0.3669;-2.3525;-0.6439;-0.1521;-0.4735;0.0882;0.0;0.359;1.0327;-0.9012;-1.5712;0.984;-2.4944;0.1223;-0.6536;-0.2536;-1.2248;-1.5297;-0.7854;-0.1258;0.8382;-0.5859;-0.3756;1.6464;-0.2114;2.2458;-0.3897;-1.2446;0.0975;-0.2318;-0.5669
-0.911;1.1764;1.2455;1.0789;-0.2137;2.9703;0.9484;0.4192;-0.4871;1.8296;-0.3684;-0.3692;5.698;3.321;-0.5795;0.4735;-0.9795;1.5464;0.626;1.5662;0.8216;1.3507;1.2145;1.4153;1.1033;-2.0849;0.0836;0.8454;3.0769;0.6672;0.1724;0.1904;0.0625;-1.7627;-0.7931;-0.7925;-6.9909;1.7076;-1.4528;0.2448;0.0804;0.991;1.5556;2.4;0.2825;-1.0857;1.5426;0.6136;2.5671;0.1976;4.6243;0.5297;0.445
-1.1422;-0.3175;-1.1124;3.6492;-0.5132;1.0;1.199;0.2587;-1.9482;-1.8692;0.1476;0.1363;1.6345;-0.5505;0.4783;-0.0893;1.0869;-1.5228;-0.3786;-1.3138;1.7181;0.4912;-0.7521;0.3245;-0.3755;1.435;-0.8358;0.8526;0.0;-1.5869;-0.0861;-0.2712;-0.3383;0.457;2.2381;0.8975;-2.9499;-1.2165;-0.4672;-1.0225;-0.0446;0.2037;-0.8296;0.2004;-0.6548;-1.2694;-1.865;0.4939;0.1601;-0.1021;-0.9097;0.0851;-0.0134
-0.3197;0.4948;-10.2994;-1.8486;-1.314;4.1667;-0.9993;-0.6744;-1.3882;2.9628;-0.2606;-0.1018;0.909;-0.5474;0.0208;1.0555;2.67;4.2328;0.0669;2.131;1.7703;-0.1678;-2.1016;-0.6449;0.5492;4.1699;-0.1669;-0.4245;3.1746;0.4397;0.0862;0.3154;0.555;1.1361;2.5957;1.1221;4.6296;3.2663;1.4215;-1.0645;0.9099;-0.7957;-2.7008;0.2008;-0.1494;-0.0564;-0.3809;4.3987;-0.1244;-0.6157;1.2969;0.0475;0.1657
0.6568;2.8527;-1.5784;-0.4028;2.2403;-4.4776;-0.124;-0.1283;2.0362;-0.6541;3.3756;0.224;1.6817;-1.7261;0.4807;0.892;2.3807;3.2787;0.3354;0.8758;0.8867;1.9241;0.4556;0.5267;-0.6682;2.4174;-1.0867;-1.3663;0.0;1.648;1.2216;-0.9312;2.968;4.8244;-1.0211;6.5713;-0.6135;-0.4004;2.1434;1.8964;-1.8741;-1.0744;-1.2837;-0.2004;-0.4834;1.3139;5.5032;2.9244;1.2688;3.5957;-0.3401;-0.0867;0.2811
1.6898;0.3562;2.4066;1.8757;1.8644;1.005;-1.3067;0.5835;-0.202;-0.0754;-0.4009;0.0058;5.6956;2.1993;-0.1982;-0.3537;2.861;3.3898;-0.3565;0.3997;1.2839;0.2643;-0.8451;0.0;0.1844;4.4613;-1.2899;-0.8521;8.6207;1.2443;0.7916;-0.3054;-0.2299;10.9518;1.8792;-1.524;6.5359;-0.597;0.7898;2.0901;-1.1524;-0.1995;0.7533;1.2171;-0.7748;-0.9618;-1.2153;-0.0748;0.2164;-1.2664;-0.8766;-0.0803;0.3666
0.8134;-0.248;1.6801;1.4872;0.3197;1.0152;0.5698;-0.0324;1.3301;1.0157;0.9658;0.0013;-0.3479;-0.7955;-0.3948;-0.6398;-0.3128;9.2593;0.3129;0.8871;0.5675;-0.5911;-0.1649;-0.1214;0.6463;-0.9174;-0.5939;0.1094;0.0;-0.4224;0.353;-0.0976;0.4898;-0.4681;0.3029;-0.6367;2.6846;0.1245;-0.989;0.3163;0.6741;0.7664;-0.0284;1.6495;-1.1848;0.8847;-1.5396;6.7277;2.2405;0.9078;2.0647;0.3061;0.2218
1.3603;-1.0481;-8.3975;-1.2338;0.6735;1.5464;2.1705;0.1298;1.1383;1.652;1.8636;0.2541;1.3909;-1.2346;-0.6092;0.262;-0.6944;1.25;0.6524;-0.8793;0.0163;0.1974;-2.1169;0.2434;-0.1373;4.7162;0.0946;-0.7382;-3.3333;-1.3063;0.6217;-0.7088;-1.0697;-0.0891;-0.1345;0.0775;-1.6502;-2.1925;-0.1607;-1.0447;-0.7308;-0.5747;-2.6825;-1.4228;-0.2001;0.1715;0.0319;-7.7969;0.1292;-0.6108;0.4841;0.23;-0.1894
-2.4659;-0.0795;-0.6977;0.8892;-2.4226;-1.5228;-0.9819;-0.0972;-0.3352;0.8592;-0.12;0.1289;3.3105;7.7128;0.1551;0.9854;-1.0606;3.8961;-0.0903;1.4598;-1.0804;-0.1183;-1.4777;-0.686;-0.5734;11.7073;0.7623;0.0869;3.4483;-1.1267;-0.793;0.2734;-1.6721;2.9817;-3.6905;-2.1128;3.413;-0.6414;-1.0677;0.7075;0.2118;0.4518;-0.262;-0.2028;-0.2721;1.2446;-0.1832;2.1686;2.1405;-0.9691;1.7593;-0.4389;-0.3726
1.2575;0.0597;-6.5508;-0.2955;-0.1432;-1.5;-2.3089;1.3802;-0.869;-1.0307;0.8635;-0.0988;6.972;4.3917;-0.5451;0.1279;2.4321;-3.1447;0.2262;-2.2205;1.2504;-0.8472;0.8822;0.3252;-0.0546;-2.1947;-1.3298;-0.4758;0.0;0.0;2.808;-0.0729;-0.4207;4.4561;-1.2468;-3.7897;-0.3401;-0.4458;-1.1009;1.7151;-0.4567;-0.1003;1.0592;0.4073;0.2729;1.5281;-0.3097;-3.8205;1.4444;-0.7369;-1.079;-0.1072;-0.0357
-2.3585;-0.3964;5.6758;1.2567;0.0065;1.5228;-0.5767;0.9622;-0.3946;-0.0772;-0.5918;-0.2006;-3.9464;-0.5273;-0.1233;-1.0933;0.3966;5.298;-0.3831;-0.7868;-1.0644;-0.6989;1.2079;-1.6393;-1.5978;-2.5116;-0.4679;0.0436;-1.6949;0.7624;-0.0905;1.4409;-1.0628;-4.3099;1.7236;0.4889;1.7301;-0.5631;2.0872;-1.1572;-0.9914;-0.7589;-3.8333;-1.6032;0.1457;-0.6133;0.5509;0.3731;-1.1162;-0.718;0.1743;-0.5625;-0.5254
1.1481;0.0198;-6.846;-0.772;0.9989;-2.4752;-1.2062;-0.7573;0.2169;0.3099;-0.5047;0.0243;6.3352;-1.2887;-1.3178;1.2905;-0.5914;-3.8217;-0.09;-0.7476;0.2388;-0.0388;0.1818;-0.1198;0.418;0.0;-0.0534;-0.3479;1.7241;-1.4613;-1.3393;0.9699;-0.4057;-1.535;-0.582;0.9847;0.0;-0.0239;2.3474;-1.8413;0.3666;0.0373;-0.6392;0.2008;0.2557;-0.7536;-0.0957;-1.9445;0.3417;-0.142;-0.7613;-0.0332;-0.0275
2.7354;3.1557;0.8942;2.4331;3.2578;-2.8846;1.0788;0.2972;1.1682;-0.4115;4.4432;-0.0055;-1.4278;0.0744;1.3666;-0.0914;1.0836;-1.875;0.1804;-0.1575;1.4255;0.8613;0.3215;0.12;0.2636;1.9924;0.1874;-0.7124;0.0;3.157;-0.0892;1.7074;1.0968;1.6521;-0.1291;4.0559;-0.6873;0.2762;-0.3042;0.9126;-0.7192;-0.6307;2.5259;-1.3861;0.3298;0.6124;4.9209;0.1221;1.6008;1.1356;-0.6531;0.3551;0.5601
-0.165;-1.3912;1.5659;-1.0235;-1.7011;-9.1703;-2.0958;0.2317;-0.8494;-0.2053;-0.8675;-0.1758;-1.2712;0.0496;0.9753;-0.1552;0.1747;-3.6145;0.4076;0.316;-0.4452;-0.7383;-1.2416;-0.5962;-0.4173;-8.2681;1.8266;0.8491;5.4545;-1.0414;1.1733;0.2345;-0.9451;-3.8606;-2.0866;-4.7056;-4.2763;-2.3458;-3.1505;1.0737;1.2458;0.0495;-1.9807;-1.751;-0.9079;-2.2798;2.7341;3.4672;-1.1534;-0.9822;-2.0868;-0.7042;-0.534
-0.0595;0.2628;2.307;-0.6579;0.7594;-1.2931;-0.449;-2.5484;-0.0515;-2.0613;0.0268;-0.1867;0.9535;-0.592;0.9638;-0.2368;-1.6926;0.0;-0.2259;-1.5552;-0.8428;-1.1397;-0.3118;-0.3959;-0.3354;1.3228;1.326;-0.0653;-3.5088;-0.0562;-0.5386;-0.8858;1.3518;0.5992;-1.0016;0.188;-1.6181;0.9831;-1.1649;-0.353;0.1846;2.265;0.8912;-2.0952;-0.6495;1.5336;0.7624;-4.702;-2.2912;0.1425;-0.469;-0.6014;-0.1252
-0.7544;-3.1521;0.0962;0.0598;-0.9196;-3.3333;-0.6096;-0.6092;-2.2876;-0.55;-0.8504;-0.0063;1.0259;-2.4308;-0.5211;-1.6395;-1.7829;3.75;0.1357;3.2103;-1.3295;-0.535;0.2938;-1.6738;-1.3827;0.8897;-0.5495;-1.458;0.0;1.0517;-2.109;-1.0013;-1.6466;-2.1711;0.5033;0.4379;-7.485;-1.1011;-3.2719;2.1406;-1.2585;-0.5537;-0.7239;-2.9575;-1.7721;2.5824;-0.1989;0.2313;-1.0323;-1.2195;0.0;-0.9424;-0.778
1.0888;0.5446;0.5158;0.6627;1.5295;-1.6393;-1.2815;0.5156;-1.3393;-1.2346;0.851;0.0936;-1.1893;1.2427;-0.2495;1.1051;1.8965;1.2658;0.7063;2.3829;1.782;0.7443;-0.6262;-0.542;-0.1322;-6.4113;-0.5057;0.1288;-1.7241;-1.429;-0.6114;-2.7284;-0.6039;2.9504;-1.1505;1.1545;1.2121;-0.2104;-0.1298;1.0742;0.2698;-0.9349;1.2212;0.7449;-1.7755;0.8683;-0.6357;-0.2574;-1.4175;-0.5398;2.4717;-0.3235;0.0369
-1.4176;-0.2814;-4.8758;0.0603;-1.0003;4.721;1.1522;0.9434;1.5361;0.0494;-3.3919;-0.1215;-0.7842;3.0121;0.0;-2.1016;-1.4993;6.7568;-1.7021;3.6627;-0.6204;1.3131;2.1155;-0.1546;0.8798;4.8908;1.1474;1.107;-1.6949;2.705;0.4386;1.2185;-0.3576;-0.93;-1.8015;-2.2781;2.1672;1.5189;0.8291;-0.8468;2.3515;1.0709;0.1631;1.8975;1.3406;1.8914;0.2498;-0.1935;0.2277;0.6304;-1.0194;0.6831;0.3528
-0.6301;-1.6538;0.1228;1.282;-2.0354;10.4265;0.207;0.2282;2.0036;0.8973;-0.4639;0.019;-4.0562;1.2452;-0.7736;-0.7568;0.3032;1.3699;-0.3571;4.1703;-0.9522;-0.5816;0.2555;1.2128;0.7521;1.0591;0.3329;0.8538;3.5088;1.0762;-0.2625;-1.8629;0.1922;1.1649;0.6144;0.0487;-1.8237;-0.6133;-0.6288;-1.0097;0.2679;1.5221;1.1548;-0.9399;-0.3691;0.3674;-1.1577;-0.4352;2.092;-0.3142;-2.5819;0.2636;0.1307
0.803;0.3746;1.1805;2.439;-0.0152;-4.0909;0.6027;1.7922;-2.2228;-0.323;0.7334;0.0213;2.8951;0.2037;0.3519;-1.3714;-1.2219;1.3889;-0.9943;-1.0535;0.3524;-1.8396;-0.0289;-1.5787;-1.7809;4.5203;0.2642;-0.3708;0.0;-1.4617;2.4194;0.3921;0.4123;0.6539;-0.0307;-2.2362;-9.6154;1.3023;0.8749;0.5582;0.4215;0.9947;1.3657;1.3334;-0.6461;2.3504;0.017;-2.7747;1.2521;0.2077;1.3758;0.4053;0.33
-2.0138;-0.7564;-1.2274;-1.052;-1.8942;0.0;-0.6424;0.6346;1.7506;-0.3466;-1.3415;0.0343;-1.4837;0.4091;-0.6581;-0.7153;-1.1194;-1.3699;-0.5056;-1.2142;-1.1845;-2.5108;0.3288;1.3266;0.0726;-1.7226;2.7139;-0.3478;1.7857;0.8673;0.813;-0.4624;-0.3758;-1.4225;-0.8526;-0.7433;-1.355;-0.9936;-0.0368;-0.1795;0.4052;-0.8708;0.0697;0.9615;-0.1221;-2.7431;-0.8861;0.6699;-0.9973;-0.4999;-0.8649;-0.2067;-0.2756
-0.35;-0.0705;5.5034;2.9955;0.4983;0.0;-1.2127;1.6293;-1.3861;-0.5662;-0.2077;0.0233;3.7047;-0.8367;0.1339;-0.7696;2.6633;-8.75;-0.7202;2.1258;0.098;1.5831;-0.1496;-0.5433;0.1918;4.3519;-0.0143;-0.3897;-9.6774;-0.4031;1.0036;-0.4543;0.035;-0.5306;-1.4997;1.7587;-0.2703;-0.2125;0.1759;-4.8466;-0.6708;-1.3766;-0.4443;4.0;0.8797;2.4992;-1.9932;16.1461;0.0;-0.0466;-1.378;-0.0695;0.0007
-0.6688;0.3923;-1.6868;3.5097;-0.0679;2.3256;-2.7178;-0.6408;0.443;-0.172;1.2913;-0.1039;-3.4079;-0.1772;0.4239;0.6022;1.2435;4.5752;-0.0436;-6.617;-0.1539;0.8362;-0.2168;0.6641;-1.1699;-1.6744;0.186;-0.0865;8.7719;0.0576;-1.4743;0.372;-1.0726;0.1772;-1.6519;-1.9138;3.9326;0.3078;-1.9198;-2.8822;0.9846;0.3676;-0.7851;0.6036;2.267;-1.7496;2.8496;-14.7828;-0.4177;-0.4642;0.7603;-0.7238;-0.3628
-0.881;1.0265;8.2702;-1.1993;1.6765;0.939;-1.056;0.2366;5.0665;0.3205;1.5278;-0.0063;1.9632;-2.3721;-0.0517;-1.2069;1.9519;10.0719;-0.7363;-1.8669;-0.4;1.3352;1.392;-1.8405;-0.4878;3.167;-0.7526;-0.602;0.0;5.0863;2.3932;0.902;0.3995;-1.333;0.5636;1.1375;-9.1837;2.0418;0.0864;1.0053;1.8304;-0.6673;-1.0225;1.0163;-0.018;-0.701;4.3401;3.2157;-0.6638;0.7483;2.2996;-0.4584;0.0397
-1.2022;-0.6134;2.0753;-0.2989;0.9499;2.8986;-1.5116;-1.4;0.2533;1.6287;-0.6009;-0.0592;-2.6429;-2.8098;0.1553;0.6415;-1.9085;-6.7114;-0.7095;-1.2821;-0.2361;0.9461;0.4957;0.0767;0.3459;-2.0677;2.5484;1.3953;-4.6823;-1.1078;-1.701;0.3158;-0.0174;1.351;-1.9488;0.0239;-6.6667;0.3273;1.8022;-0.0872;1.1161;0.8252;0.9774;-2.1869;0.2163;-0.1218;-2.0772;2.1099;0.2588;0.2009;-1.1037;-0.203;-0.0711
1.7895;1.8212;2.3398;1.157;2.2698;0.9756;0.5923;-1.4131;2.5427;0.1254;1.8562;0.0326;-2.5341;1.7844;-0.0827;0.6717;2.2537;6.4286;0.5187;-1.4218;2.9755;1.4996;2.4591;-1.3626;1.2623;-0.6536;-0.6798;0.0436;3.4602;1.6124;2.2198;-0.6876;2.1101;2.2419;2.3214;3.6849;8.2474;2.8935;2.9412;2.6639;0.8536;-1.8443;0.3592;0.0;-0.7515;-0.7553;2.8423;4.6021;2.1819;1.7784;-0.0668;0.7545;0.8237
1.6497;0.0658;1.5722;1.4133;1.0462;6.2176;0.9108;0.6616;0.827;2.1004;0.7778;-0.1867;-0.6015;5.086;-0.2785;1.1762;0.9661;4.4776;0.9601;-3.9454;0.9366;0.4891;1.2578;4.262;1.5299;0.9425;-0.3459;-0.0654;2.847;0.1218;0.2596;-0.4623;0.5886;1.3309;-1.1474;3.5008;1.8373;0.0749;-2.1041;3.4944;0.1127;-1.8949;1.643;1.004;0.2331;-0.2712;1.1665;7.5892;2.5078;0.9631;1.7687;0.6822;0.5559
0.2324;3.9601;3.3636;0.415;1.3532;-1.5306;0.1814;-0.1322;1.6391;0.5667;2.3539;0.1875;0.4309;-0.8153;1.4757;-1.0688;0.0509;-1.4706;0.7917;-3.1594;0.7293;-0.539;-1.0231;1.3195;0.4313;-0.6554;-1.2525;-1.2909;-1.0563;-1.0548;1.6591;-0.7153;1.1547;1.1841;0.1768;0.6445;0.7937;-0.1371;0.624;1.5389;-1.5713;-1.1719;0.3948;-1.1905;-1.3796;-0.3902;5.3238;4.5458;1.3244;2.4456;-0.3728;-0.15;0.0395
-1.3664;2.345;-2.8634;3.9382;-0.3154;-2.4876;0.0856;0.9673;0.0561;0.7004;0.5555;0.1678;-2.8215;10.5011;1.0256;-0.7443;-0.4116;-0.7299;0.464;0.4428;0.8913;2.0118;1.3589;0.1602;0.781;1.6175;1.8408;0.194;2.8986;0.3933;-0.5438;-1.213;-1.256;1.8926;0.0885;-1.8583;-4.3038;-0.2362;1.0586;0.0866;0.0647;-0.6601;1.1407;0.0;-2.0274;2.7444;0.7871;-4.6575;-0.9138;-0.2951;0.9925;0.2127;0.142
4.8576;7.0112;8.96;1.3397;6.5558;4.6875;4.8902;2.5308;0.7912;0.9427;2.8387;0.1279;-2.4769;-0.4484;2.2818;3.5708;4.307;7.0312;1.9369;2.0331;5.3273;5.3256;1.0583;2.9266;3.1887;4.0594;0.3783;1.5543;6.9767;0.8852;2.7553;0.8671;5.746;1.5862;6.7044;9.1503;9.4183;7.3125;2.8969;8.0793;0.7267;0.7619;5.0951;1.002;3.0352;-0.338;5.8202;2.3046;3.6578;5.0103;4.0969;3.2495;3.3981
0.8906;1.994;-1.1858;3.0818;2.0874;4.3478;2.6137;3.103;0.0424;-0.3132;2.3646;0.2472;0.5584;1.1051;0.7957;1.5385;-1.2846;-3.7594;-0.8707;4.4025;0.176;1.0852;2.0871;5.4324;2.6399;7.4468;1.6415;2.3297;4.878;1.9291;3.717;3.3135;0.236;-0.8578;-10.4061;1.4917;7.1217;0.5771;0.8413;4.4911;2.1702;1.7097;3.7953;1.6293;2.0962;-0.5501;-0.6459;1.8436;-0.2914;1.3385;-0.2842;2.179;2.1005
-3.4487;-5.2757;-3.9484;3.118;-3.8717;-1.6043;-0.5554;-0.3514;-2.3464;-0.5968;-2.2614;-0.0572;0.7607;-3.0495;-2.9206;-1.2965;-0.2537;2.3077;-0.3338;3.2467;-2.771;-2.3291;-1.4184;-2.7883;-1.2993;-14.3898;-0.4856;-0.0895;0.0;-3.7148;-1.2043;-0.5189;-3.3403;-1.1773;-0.8944;-5.4364;-0.8824;-1.8443;-2.9705;-4.6281;-0.209;-0.2454;0.0;0.409;-2.8167;-1.6236;-4.2979;-2.5311;-1.5432;-4.5195;-1.6422;-1.1332;-1.4007
2.1853;2.6597;0.3046;-1.1264;1.5707;1.0811;0.3427;1.9341;-0.7398;0.7055;1.404;-0.169;-0.4013;-0.6008;-0.5263;-0.7317;0.1433;0.7752;-0.421;1.3992;1.6324;0.1117;0.68;0.4669;-0.1984;9.3625;-1.0485;-0.5121;-8.5502;-0.0299;-0.3345;0.0917;1.8309;0.307;0.6187;1.9302;-1.1628;1.2268;1.1468;4.7413;-0.3313;-0.2204;0.187;-0.6098;-0.5286;2.686;2.5555;-0.312;1.6695;2.0622;2.3239;0.3542;0.594
-2.1562;-4.8225;-6.8133;-2.0613;-3.2424;-4.6392;-2.5445;-2.1381;-2.4328;-0.8806;-3.9853;0.1216;-2.4502;-1.5856;-0.6899;-2.3668;-3.3128;0.0;-0.9438;0.4132;-2.589;-1.3906;-1.245;-1.6694;-2.7494;-0.2979;-1.6893;-1.275;-1.1029;-0.3581;-2.0998;-0.2438;-3.0631;-2.0134;0.5088;-3.8308;-1.4327;-3.2137;-2.1544;-4.2509;-1.6389;-2.2265;-2.9492;-1.8189;-1.8336;-1.2199;-4.6738;-6.1463;-2.6628;-3.1819;1.2305;-2.1237;-2.1043
0.434;-0.2469;3.2234;3.7344;-0.6426;-3.9604;0.7524;-1.2803;1.3274;3.3735;0.5631;0.2491;-1.3395;1.8057;0.5889;-0.8025;-0.4015;12.1739;0.22;-0.7383;0.501;-0.0138;4.5418;0.377;8.2581;-4.5498;0.2871;-0.8068;5.8366;5.245;-1.4055;-1.619;0.2619;2.0307;0.9415;-5.0178;20.9705;1.3075;1.0431;1.1396;-0.8494;-0.1792;0.0303;1.4286;-2.1827;-0.1826;0.0567;1.7698;0.6007;-0.4984;-1.9865;0.3569;0.0253
2.3933;3.2632;2.5545;3.6684;3.4455;3.5897;1.7114;2.3009;1.6242;0.0268;1.1497;-0.0053;0.4293;2.6109;0.6456;0.8177;2.9047;13.8614;0.066;-1.5347;2.5479;2.1229;2.6214;0.4207;2.681;3.4314;0.1294;0.5481;1.581;-1.7587;2.1933;-0.024;2.0369;2.5424;1.2421;5.1888;4.1516;1.164;1.5427;1.4737;0.3521;0.2516;1.4582;4.2553;0.7845;-0.545;4.5226;2.9821;2.0092;2.2687;0.9671;1.2894;1.4602
-1.5002;3.086;12.5106;1.8118;0.3792;-2.0101;0.8673;-0.2472;2.6275;-2.3025;1.2315;-0.1514;-1.3543;-0.697;0.7571;-2.2876;0.5647;4.1237;-0.2196;-1.4331;-0.7743;2.1396;0.328;-0.2936;1.1232;-0.1957;-2.2622;-1.5541;1.2;0.2164;1.3974;-0.406;-0.1472;2.1014;-0.66;4.2204;1.8382;1.873;4.024;4.5207;-2.1398;-1.9612;-0.3213;-1.4675;-0.0341;0.4257;6.8249;1.5038;1.3027;-0.564;1.1961;-0.255;0.0361
-0.6073;-1.8136;-5.4734;1.1738;-1.4123;-1.4851;0.0787;3.4332;-1.9393;1.46;0.8905;-0.2115;9.9154;1.9903;-0.9819;0.5327;-0.4716;6.5934;0.1981;1.454;-0.4268;0.187;0.6154;-1.1199;-0.7076;-0.4869;0.8217;0.7831;3.7344;-1.6722;0.3754;0.5161;-0.8848;1.7354;3.4125;0.9498;4.6154;-0.9212;-0.4293;-0.8866;0.8135;0.2826;-1.1494;1.9231;-0.4075;1.2;-2.268;-0.3641;-1.4641;-0.3982;-0.5407;0.5014;0.4318
-0.9339;1.1333;-0.2391;-0.3206;1.1647;1.5075;1.6941;1.3323;0.7256;0.5606;0.7708;0.147;2.9102;3.1681;1.9813;0.3564;0.2526;0.0;0.1543;-2.4429;-0.2292;1.1496;0.1232;0.7101;-0.9069;4.7959;-0.8289;-0.8412;-2.4291;1.0756;20.0664;-5.9385;1.4153;2.7921;3.1527;-1.0866;0.0;2.1132;0.6723;4.596;-0.6628;0.9271;-0.3917;-0.8475;0.153;0.6192;-0.0927;-11.2837;-0.5287;1.0926;3.6235;0.5001;0.5542
3.552;7.3647;10.0921;3.966;6.2793;2.5773;-1.2971;3.1691;3.9449;1.8488;3.3934;0.3274;1.6164;7.1002;3.3612;5.5909;5.7176;-8.0808;2.4385;4.2728;5.0423;5.2535;0.8815;3.8161;3.1444;-0.5076;-0.3779;-0.7918;2.4896;0.9932;3.9704;-0.1128;5.6489;9.173;3.125;10.38;13.5371;1.7055;3.9172;10.857;-2.5053;-2.6611;6.0045;4.8889;1.2918;1.0638;6.998;1.9549;8.9556;3.6198;5.228;2.4733;3.1847
-2.1429;-3.9151;18.2667;-1.2344;-6.6195;2.1053;-2.5071;-1.5043;-0.3181;0.0;-1.2743;-0.2019;3.4131;-4.357;-1.1007;-2.2337;-3.2527;-3.8835;-1.1163;3.1356;-4.0947;-3.1593;-1.1727;-3.0685;0.601;-0.3036;1.2757;0.473;-3.2129;-2.6292;-0.3685;1.1636;-5.5217;-3.6705;-0.8451;-3.5286;-1.7167;-1.3406;-0.2489;-4.056;0.0975;2.3446;-0.9177;-3.2258;-1.5265;2.272;-3.097;-8.372;0.2615;-4.4549;-4.1086;-1.6055;-1.8284
1.6181;4.2499;9.3023;3.9877;8.483;1.0638;1.2525;0.7579;1.0519;-1.1822;0.7218;0.2341;-0.7827;0.1505;2.6902;0.857;3.8385;-1.9048;-0.0223;4.4248;2.2492;0.5818;3.9714;2.8534;1.3302;2.3834;2.0098;1.2848;6.867;2.2243;0.6927;1.1365;1.2528;3.8983;0.916;4.3491;2.6432;1.4292;3.3436;4.8162;2.1729;2.1779;1.1524;0.6494;1.5326;3.7861;4.1486;-4.8474;1.3361;2.0183;3.0291;1.1999;1.7633
1.9129;0.4673;4.6291;2.4549;6.7536;1.6216;7.0562;-0.8268;0.6914;2.309;1.0793;0.1773;-1.1916;2.5301;1.971;0.1327;2.3084;2.9412;-0.9069;1.2545;5.0378;2.0554;-0.56;0.4778;4.3046;-1.0256;-1.6076;-1.1623;1.3043;-4.7381;1.942;0.0635;2.9947;2.135;3.7013;5.2626;0.8889;-0.1662;1.9402;6.8258;-2.1614;-0.923;0.4986;-1.282;-0.514;3.6489;-3.4264;-1.1796;0.4214;2.5385;1.5379;1.0039;0.6603
-0.4969;-1.4528;-2.0349;-4.9975;0.5528;-4.6392;-4.0925;-0.6348;-3.5881;-5.0131;-1.3284;0.2185;0.4589;0.0;-2.1651;-1.4988;-2.8245;8.5106;-0.1766;9.6267;-1.5566;-1.1141;-1.7249;-2.7461;3.6742;2.0942;-2.1848;-2.4564;-4.1667;-4.8712;-1.2453;-2.947;0.1157;-3.749;-2.4289;-0.3394;2.2727;-3.1137;1.9786;-8.5616;-0.7735;-0.3107;-1.5986;-0.6369;-0.3755;0.5886;-2.4722;1.5005;-3.8499;1.1826;0.158;-1.7356;-1.5425
-2.5404;-2.5455;-5.5464;-0.6784;-4.2296;-1.0204;-1.3949;-2.6182;0.4989;0.2618;-1.2278;-0.0803;-0.656;-1.8176;-1.8918;-0.061;-3.6695;13.253;0.2435;0.7921;-3.7668;-4.0173;0.2047;-1.947;-0.026;-4.5954;9.7434;-0.5221;-1.6393;4.1703;-1.6848;0.8988;-2.8836;-4.5334;-1.7891;-5.2919;0.9174;-0.7063;-4.4212;-3.7139;1.2369;0.842;0.4611;-1.4644;0.5492;0.9084;-4.387;-2.1997;0.1724;-3.6924;-4.5609;-0.96;-1.0735
-1.512;-4.4221;-9.9407;-6.0469;-4.054;4.2553;-2.2613;-1.1147;-3.9956;4.9451;-0.9043;0.1753;-2.3859;-5.5508;-0.8447;-1.0939;0.0264;-19.4175;-2.2078;5.428;0.6327;-3.3384;-2.538;-1.4292;-1.1983;-0.8911;2.3125;0.2933;-7.5758;-0.8673;-1.8482;1.1551;0.8403;-5.982;1.0787;-4.9152;-12.0968;-2.2789;-0.6601;-3.3378;0.7802;-0.3755;-1.2871;-2.0492;-0.614;5.765;-3.0868;-2.0216;-4.8873;-2.116;-2.3555;-1.044;-1.0448
7.1043;0.8201;-0.0494;-1.7413;0.0;-2.0833;1.4871;-0.2868;1.6553;-3.9324;2.0647;1.0259;0.0924;1.6875;-0.0219;0.7987;0.9312;-8.0357;0.2604;3.1216;1.1543;0.224;0.2946;-0.5684;1.0029;-1.9417;1.5873;-0.5417;0.7634;-2.673;-1.509;-1.058;-0.2261;-0.496;3.7183;2.6787;1.6393;0.2742;0.3823;1.4843;0.3058;0.2185;0.6;-1.2146;-8.8464;2.6166;-2.2859;-0.6149;2.672;0.7512;-2.8602;0.4349;0.6357
2.9218;0.4719;1.6583;0.8472;2.3179;-3.0303;-1.1686;-0.6058;1.1111;-0.4205;-2.3422;0.1282;-0.553;3.3373;-0.5779;-0.2339;1.1232;7.6923;-0.711;0.1078;1.7018;0.0841;-1.2405;-0.0406;-3.6565;6.405;-0.2375;-1.4171;-0.7576;-3.2925;1.2367;-2.0178;-1.2557;1.002;-0.8806;-2.0099;-1.2146;-1.2253;1.3692;1.4875;-2.8149;-1.2349;-0.2206;1.8557;-0.2481;-0.5656;4.2416;1.4675;-0.6272;-0.0143;-3.0839;-0.7496;-0.5569
-1.0698;-0.1496;-3.7718;0.4176;-0.9137;-1.4925;-1.2252;-0.5317;-0.8092;-1.6796;-0.9466;-0.1043;0.302;-2.1189;-0.4235;-1.0796;-0.8403;2.9703;-0.7909;-1.4862;-1.4889;1.7246;0.0989;-0.9646;-2.4854;-5.098;-1.9258;-0.8552;-3.2967;-0.7561;-4.8893;-1.2698;-0.195;0.3015;-1.6993;1.4799;-6.7925;1.2538;-0.4884;0.3364;-0.7117;-1.4649;-0.2515;-2.2177;-2.3178;-3.2117;6.5304;0.0997;-1.5236;-0.7032;-0.6882;-0.6761;-0.622
-2.9436;-3.7576;-5.3114;-1.2525;-6.4187;-1.4706;-1.4918;-1.1563;-1.552;-3.7792;-1.515;-0.7596;3.8483;-2.5803;-5.886;-0.2905;-1.0493;-7.3394;-0.8058;2.3913;-3.437;-1.7229;-2.788;-2.3164;-1.3778;-2.6718;0.1867;-0.5266;-4.878;-0.4302;0.3936;-0.8358;-3.7871;-2.7608;-2.0107;-5.087;-2.214;-1.7956;-3.4979;-1.277;-0.346;-0.8666;0.6645;0.0;-3.1544;-6.1965;-6.6837;-2.0393;-0.0617;-2.7559;-0.9881;-2.0828;-2.0768
0.3501;-1.2019;3.0189;3.2976;0.033;3.5533;-0.1241;-1.1431;-0.5735;2.5497;-0.0106;-0.6334;-1.3387;6.0182;-1.0716;0.9052;2.4751;0.0;-0.6531;1.0989;1.0153;1.1047;-0.4096;-0.1176;-0.0892;-18.8226;-1.3961;0.0811;-10.0313;-1.5877;-0.1849;-0.6631;0.1879;1.2117;2.6658;3.0133;-27.1505;0.2443;-1.2736;3.7866;-0.3877;-2.4783;8.8889;2.9046;-0.8149;-2.2096;0.0098;-0.922;-1.2998;-0.3099;3.4605;-0.0417;0.2515
1.9661;3.7329;0.8084;2.923;2.4807;-1.99;0.3872;1.2272;8.0248;-1.9009;2.4528;0.175;-0.8183;2.5242;0.8873;-1.6949;2.0074;-0.9091;-0.503;6.0606;1.5242;1.6117;1.0807;2.0;-0.1295;0.4669;0.2615;-0.7045;3.2362;0.0265;2.0519;-0.2474;1.9896;3.4007;-0.7422;4.7616;35.2727;1.8596;1.8205;0.1556;-1.2087;-1.0286;2.3448;-1.2295;0.1749;1.2886;3.2373;0.2539;2.4766;0.9032;2.2752;0.7769;0.9284
5.3046;4.1811;10.5097;1.9199;4.6174;0.0;3.4479;2.7748;0.9531;3.7633;2.4233;-0.2678;-1.6462;2.2626;-0.4569;1.114;2.409;5.7692;0.2522;7.3842;2.6496;1.5342;3.656;4.2101;2.1836;1.9841;1.1042;-0.381;-15.5738;1.9703;3.4904;0.8516;2.5264;4.4605;1.6399;3.1965;16.5254;1.6778;3.0583;8.5101;0.436;-0.4389;4.0925;3.3899;1.016;-1.3052;2.2623;5.8048;2.8137;3.0132;1.8764;2.3718;2.0097
1.0092;-0.6187;-2.9577;-2.5641;0.3482;0.5;2.1516;-0.036;0.1491;-5.2386;0.3906;1.1148;-3.7882;0.9003;-3.0225;-0.1284;-0.4291;-6.3063;0.6557;-7.2009;0.249;-0.1313;0.2402;0.167;0.0497;-8.0292;1.3876;0.0201;-6.1538;3.5205;1.3106;0.1956;-0.0655;-1.0832;2.1098;-0.1121;-0.4219;-0.133;0.4648;-4.9019;-0.1451;-0.437;0.6093;-2.8807;0.7417;-0.4;-1.1388;-2.1994;-1.069;0.0;-0.147;0.3982;0.1484
2.9068;1.1512;-5.7664;-0.9741;2.0112;-1.4778;1.3895;2.0213;0.7513;3.5132;0.205;-0.1741;0.6768;-0.639;-3.8982;-0.2305;-1.4284;8.8235;-0.3163;3.4856;-0.7292;-0.537;-0.5003;0.9271;0.5324;-2.1429;1.537;0.201;2.3622;7.7363;0.7223;0.087;1.4385;-0.4733;-3.8015;2.675;7.7273;0.0;0.1552;1.0751;0.4201;1.1446;0.4079;0.2062;0.0149;1.9022;-0.2966;-1.532;-0.2323;0.1649;0.2948;0.8213;0.7625
-2.4084;-3.619;-3.1643;-0.2231;-1.2615;-6.0185;0.9222;-2.4731;-1.8147;3.4773;-1.8081;0.3503;0.2074;-0.1929;0.5997;0.0085;0.2572;-15.7025;-0.7533;1.836;-1.9771;-2.1724;1.4321;-1.8204;-1.0211;2.1898;-0.096;0.0402;-3.5443;2.9439;-3.1363;0.158;-2.1532;-4.7106;-2.6654;-1.148;-4.7619;1.1705;0.3894;-2.5693;-0.1284;-0.5186;-2.6178;0.4141;-0.8577;-0.1695;-3.8174;-1.2743;-3.3279;-1.8331;-1.4882;-0.8255;-1.0483
-1.0954;0.1865;4.0174;-1.4757;1.6336;1.4085;1.6729;0.5405;2.0322;-0.0263;-1.0682;0.4018;1.8101;5.4576;0.5648;0.7918;3.0961;-1.626;0.1257;1.8703;0.3033;-0.8447;0.1921;0.0414;-0.1069;-3.589;1.2798;-0.8571;-2.4691;-3.0931;0.8025;-2.1483;-0.9327;1.1917;1.8199;1.3452;1.3158;-0.5486;7.0;23.0858;-1.3097;0.4303;-0.8769;-0.2066;-0.7923;2.5382;1.1142;-1.6567;0.1124;1.1842;-0.6133;-0.4877;-0.2218
4.1268;6.6009;8.1109;1.4331;5.3641;2.4038;4.6769;0.0;6.8006;2.0699;2.8988;0.0515;2.2646;0.8202;1.1326;0.6671;6.0661;-6.1069;-1.6687;2.2959;4.0676;1.8351;1.9759;2.5902;1.0473;9.2237;0.0648;-0.6731;-5.814;0.6651;1.757;0.4659;3.5079;7.0866;-1.0427;5.7687;8.5714;3.0612;-0.3874;13.6351;-0.5546;-0.6189;1.7851;0.2071;0.3681;2.751;12.6022;0.2376;3.4137;4.022;1.6129;1.582;1.6925
5.0175;2.1861;-0.5206;-2.0434;1.1254;4.5226;1.0198;1.3514;-2.0935;-4.1484;1.3634;0.3855;-0.3847;2.3793;0.643;3.1733;-0.6645;-7.0922;0.4761;2.4837;-0.5615;1.0284;2.6856;4.1574;2.6536;-2.1805;-0.0324;2.2884;7.5;3.5368;3.324;1.6384;2.8611;1.9657;2.7264;1.3559;0.9615;1.9685;6.4507;-2.938;2.5948;0.6455;-0.0364;4.0948;1.0866;-3.9794;1.5933;1.7209;-2.2924;1.0422;6.1066;2.2554;1.8487
0.1131;-8.8788;2.5627;-2.9959;-1.4024;0.0;0.1198;0.4034;2.3192;-0.2314;-1.6273;-0.498;-3.3432;-3.0529;-0.3398;-1.0263;-1.7727;4.4444;-0.4738;-2.0487;-1.142;-1.3996;-0.1477;-0.2206;-1.1554;-4.6595;-0.2908;1.3339;-1.4778;-1.9638;-2.3471;0.5418;-1.3578;-0.7147;-2.4382;1.8502;4.0;-1.7272;-2.4986;3.0198;0.6246;0.8682;-0.6333;-1.6949;0.6141;-3.3167;-5.1694;2.7499;0.7386;-0.7811;-2.2433;0.0039;-0.3034
2.6061;1.771;-3.354;-2.0163;0.9767;0.0;1.6009;1.1123;-0.7354;0.6989;-1.421;0.2724;0.7648;1.8307;-0.8949;0.8476;2.3457;1.5038;-0.2466;3.1704;1.341;0.1144;0.2665;0.6664;1.1776;6.4073;0.243;-0.5916;-3.3333;1.8119;0.6029;0.4342;0.0388;-0.0549;5.2667;1.2789;2.5641;1.2309;-0.5995;-0.2;-0.1126;-0.827;0.0362;1.5054;1.6286;-0.495;0.0972;3.7934;1.0831;1.1666;2.2551;0.736;0.6598
-1.3343;-4.402;-3.4861;-0.7212;-5.0129;1.5306;-1.277;-2.1408;-2.7821;1.3379;0.1651;0.0798;0.479;0.0346;-1.6189;-0.4176;-3.4096;10.8333;0.2266;-0.1319;-2.3593;-1.4513;-0.5712;-1.3152;-1.9823;-2.2371;0.3902;0.3069;2.1898;-1.6892;-1.3627;-1.0659;-3.1934;-0.4649;-1.2183;-0.9983;4.2781;-1.6779;-3.2053;-5.2597;-0.3884;-0.4174;-0.8613;-2.7197;0.0152;0.5309;-3.1897;-5.8295;-1.3281;-2.2584;2.88;-1.4379;-1.5295
0.2181;-0.9703;-4.6081;3.1896;-0.0057;-0.5076;-0.5251;-0.6489;-0.5257;1.6262;0.9667;0.1226;-0.3013;2.4062;0.9268;-1.1852;1.0222;10.0917;-0.6954;1.8817;0.4031;0.1839;-1.9628;0.352;-0.3916;-1.3245;-1.2048;-1.0128;0.9828;-3.9245;2.6972;-0.4008;-0.6253;-1.1622;-0.2955;-1.9503;6.25;0.86;0.2493;-0.4423;-0.4981;-1.2588;0.2879;0.4202;-0.5902;4.6528;3.4177;0.6048;0.1039;0.0221;9.075;-0.4384;-0.3251
-3.7029;-2.0956;-1.359;-3.0339;-5.7416;-4.3689;-4.6387;-2.427;-1.3874;1.957;-1.7361;0.0;0.4356;-0.2823;-1.8199;-1.8949;-1.2869;-16.1538;-0.731;-3.876;-3.85;-2.1727;-2.9533;-2.9876;-2.4146;-2.7201;-0.5591;-0.684;-0.7317;-1.5398;-2.5539;-1.7141;-3.5817;-4.4175;-4.9017;-5.6678;1.1494;-3.4423;-3.7333;-3.9608;-1.7384;0.7407;-1.9065;-2.2587;-1.1075;9.8398;-6.7379;-1.1355;-2.0151;-3.869;-2.0931;-2.4351;-2.2458
0.7742;-1.642;-0.42;1.5707;0.2498;-5.5046;-2.6448;1.3909;2.3724;-4.9845;-0.207;0.7463;1.0652;-0.5614;0.566;-0.4374;-1.3845;4.8387;-0.1014;-2.5189;-0.1902;0.0277;1.0076;2.4934;1.2512;-2.9861;-1.0277;0.6942;1.99;2.0154;0.5485;-0.745;0.844;2.1103;0.4075;-2.1126;4.1916;0.4305;-2.2929;1.6205;0.1945;0.3039;-2.5125;1.0373;-0.0897;-0.5311;-2.4501;1.9638;0.8519;1.6391;1.1231;0.1089;0.2188
0.5432;0.7266;0.6103;-0.0598;-0.9822;2.8302;-1.2112;-1.2676;-0.8051;-2.4931;0.3133;-0.1728;0.5115;0.0702;0.493;0.9698;-1.3726;1.6393;0.5507;5.8667;-0.5601;1.3042;-2.5843;-0.6087;-2.2451;4.0462;-1.5082;-2.8175;2.0305;-1.4027;-0.7669;-0.2175;-0.6313;-1.6857;0.0;0.9157;-2.3392;-1.3312;1.3467;-3.7141;-3.0097;-0.5819;-0.2575;1.2605;0.2398;0.4573;-9.0397;-2.6564;-2.4236;-1.8418;0.3903;-0.7816;-0.8105
-3.3763;-2.3781;-10.1645;0.526;-4.6373;-1.3953;-3.6671;-0.4905;-3.5826;-0.7002;-1.0777;-0.5162;-1.3303;-1.2825;-0.0474;-0.216;-0.3402;-5.4264;-0.7289;-3.9693;-1.0846;-2.3953;-0.7813;-3.9666;-0.8299;2.1402;0.8397;1.4289;-3.6675;-0.3784;-3.1856;1.6939;-1.0706;-3.6722;-0.3125;-1.4364;-3.9326;-3.6182;-1.3802;-3.8873;2.4878;-0.9642;-1.488;-2.2587;-1.1555;0.1909;1.5081;-2.2344;-1.3047;-2.269;-2.9461;-1.115;-1.0823
4.6013;5.8495;12.2632;6.703;6.2311;4.3689;5.0978;5.7429;7.5972;2.5385;4.1479;-0.4966;-0.8003;6.2615;1.0243;2.5427;2.291;4.0323;0.9607;7.2802;5.2921;4.2969;3.6737;3.0551;3.051;-1.0949;2.2352;0.2219;4.8718;5.9531;7.7976;0.1783;3.2897;8.5412;3.2924;5.4371;6.5868;2.8368;7.5028;8.2299;1.0017;0.1554;2.4424;4.9569;1.2753;-2.82;1.8978;-0.3364;5.2648;4.5874;5.2725;3.194;3.3447
1.1275;-0.2141;-0.8451;0.1124;-1.812;4.0404;3.1937;2.1309;-0.0321;-0.1536;1.3005;0.0582;0.6515;1.0045;-1.0889;-1.277;-1.2175;2.4793;-0.6297;-0.9524;-1.6758;-1.6152;-0.3751;-3.2473;-1.8643;7.451;0.7671;0.405;5.6911;0.1545;-0.6668;-0.2211;-0.6136;-2.0972;2.5149;-2.669;7.0513;0.331;0.3371;-0.7455;0.0274;-0.771;0.0;0.4329;0.1503;1.6981;-2.7723;-0.9255;-1.2433;-1.7086;2.5443;0.3183;0.1525
3.6976;5.7102;9.4553;1.1201;4.3005;-0.5025;2.6855;3.3425;2.8062;1.3492;2.6344;-0.1431;-0.1698;2.9097;1.5481;1.3127;1.6082;6.1404;0.4899;4.8502;3.1015;2.5493;1.8346;4.7536;3.8294;-1.5444;0.7068;0.5908;22.5914;2.1458;0.8014;1.3609;4.1691;6.6837;0.7669;6.6908;1.2987;2.9997;-0.808;7.2353;0.8807;0.011;2.0004;2.2124;1.6496;1.8839;5.1486;1.4219;5.3475;2.8736;3.2849;2.2909;2.3877
-0.6545;-1.8145;-2.6513;2.7523;-0.7252;4.1885;-0.9591;2.706;2.506;-1.1034;1.7998;0.118;-0.7356;2.7942;-0.1057;0.1073;-3.123;5.5556;-0.0612;1.1544;-0.2857;0.9891;0.6407;0.0;-1.4777;0.0;0.8955;-0.3046;3.4364;-0.6272;0.7554;-0.9152;-2.5746;1.4655;4.6041;-1.6908;-3.1447;1.1447;-1.1295;-2.7986;-0.3184;-0.3184;-2.1838;1.8018;-0.0305;-1.1402;-2.5277;-1.9663;-1.5139;-0.5585;2.3535;-0.1405;-0.1759
0.5752;0.859;0.0501;3.6301;-0.1345;1.5957;1.3415;0.7323;0.9812;0.1285;-0.1428;0.0162;0.2756;0.2762;-0.592;-0.0982;-0.1619;2.8571;0.0204;2.5148;-1.16;1.9727;-0.302;1.6852;0.1985;-1.8939;-0.9364;-0.6056;6.9853;0.157;1.0263;0.5774;-0.9209;-1.1644;2.1739;1.6508;8.1633;-1.4408;1.227;2.4766;-0.9378;-0.6437;-0.1918;2.5404;-0.6523;-0.8293;1.9851;-0.439;-0.7827;0.7821;1.462;0.2176;0.0356
-0.2779;-2.8449;-2.4414;-2.6094;-1.2203;0.0;-1.4264;0.2447;-1.509;-0.2051;-0.8614;-0.0336;0.7707;-4.9156;-0.2666;-0.2139;-1.6747;-3.6697;0.184;0.7452;-1.1216;0.2528;-1.148;-0.7104;-0.2229;-2.2222;-0.2131;0.6501;-6.5292;-1.1794;0.1317;0.06;-0.4492;-2.2759;-0.6022;-3.4779;1.3793;-1.0092;-0.1114;-0.4768;0.2479;0.5926;-0.641;-4.6255;-0.3175;-3.5273;-2.8428;0.0436;-1.3255;-0.7184;-0.8696;-0.6402;-0.539
-1.0822;1.6375;3.1218;0.8489;0.3111;2.1739;0.3748;0.4918;5.4532;0.1284;1.5862;-0.1656;5.9844;-1.8055;-0.4645;-1.0407;-0.3517;6.8627;0.0;-6.8056;0.1676;-0.1336;0.1956;1.1664;0.3562;2.7397;-0.0819;-0.5054;-3.0;3.3848;3.013;-1.5824;-0.3381;2.8841;-1.1901;-0.413;0.0;1.9059;-0.1946;0.0067;-1.1407;-1.3105;-0.6369;-0.8734;-1.1658;1.9274;1.5219;-2.7044;-0.0313;0.1891;2.4246;-0.285;0.02
3.3055;3.0951;-0.201;0.4263;4.1755;3.9548;2.1082;-0.3268;1.0114;0.9852;0.9927;0.2654;-0.662;-2.7937;-0.2741;1.0606;0.6594;-2.8571;0.2459;1.4085;1.9;-0.4141;0.9171;1.2722;0.6923;1.0769;1.1431;0.2635;5.6338;0.6207;0.9592;1.7131;3.2255;2.3977;3.7777;3.4403;7.4074;0.5515;2.3911;1.6661;3.8613;0.9733;0.8157;0.8811;2.4028;1.8498;2.3751;3.0297;1.6762;1.8136;0.949;2.0617;1.9458
0.9394;3.3236;5.6824;1.0162;4.6683;4.7337;0.8288;0.0409;6.0119;0.3121;1.9751;0.1842;-0.262;3.3309;0.6757;1.4283;2.7605;3.9604;0.0615;-0.6993;2.5154;0.5054;2.5719;2.7544;3.273;1.0101;1.9078;2.0898;-0.6993;1.0898;0.9964;1.3828;3.0518;0.9445;2.0386;1.5373;11.5702;3.7625;1.1517;1.9989;0.9568;3.4155;1.0877;0.8889;1.3494;-1.8889;4.6634;4.9624;2.5457;2.8082;0.9581;2.1512;2.1214
-1.2826;-2.5348;-3.4359;0.1725;-1.9704;0.5952;-3.6365;0.0;0.5003;-0.8509;1.2794;-0.3336;-0.1666;-0.5155;-0.7368;1.069;-2.4154;-2.8846;0.5567;-1.7857;-1.184;-0.8401;-1.2174;0.0467;-0.4715;1.1792;0.6457;0.0207;-1.7182;-2.4799;0.1108;0.601;-1.0388;-0.6743;2.8985;-3.0044;-3.2;-1.7569;0.6958;-2.2867;0.921;0.0566;-1.3499;0.2227;-0.6932;0.0371;-1.643;3.3795;-2.7713;-0.9498;-1.1466;-0.3491;-0.0086
3.2196;1.9121;7.3789;-1.1765;3.7724;0.0;2.6631;1.1993;1.982;2.6741;2.1368;0.0413;-5.0607;1.0041;0.9633;0.2106;7.8205;13.0435;0.6433;-5.0966;0.5572;1.8769;1.4801;4.1849;0.189;2.8294;0.2726;0.8768;-0.3425;2.1046;4.5481;0.307;0.27;8.596;2.302;1.5631;8.6957;3.1608;5.2808;6.0862;1.6358;-0.0904;1.9227;0.2232;1.3425;0.3346;1.9238;1.2193;4.4295;1.0666;6.5887;1.5091;1.5636
2.5888;2.5614;1.2263;6.1154;2.3446;5.0;2.0764;0.2903;1.091;-1.8451;1.6837;0.418;0.4452;1.1663;1.3925;2.0748;-0.1199;24.3243;0.9637;2.957;1.3473;2.1472;2.0711;2.3916;3.0172;4.2123;2.3901;0.7573;8.9552;4.4299;2.1302;3.1552;2.1476;0.4156;4.3567;2.3755;1.7699;2.1324;-3.4198;2.524;-0.1543;-1.2284;0.5677;0.0;3.0732;0.6737;3.9047;5.5774;0.4884;1.9416;1.8398;2.03;1.6025
4.047;3.8487;5.9657;-0.7185;6.0532;6.6667;2.791;3.1665;3.1723;-0.7736;2.4795;-0.3112;0.1297;1.2957;0.6619;2.6674;6.7627;29.8246;2.4249;4.0559;3.0494;0.3077;2.2931;2.1374;1.8749;0.423;-0.5552;-0.0631;7.6305;3.2624;0.9558;-0.2699;3.3391;3.1662;4.9124;5.7592;11.8812;-6.6879;6.299;4.268;0.722;0.1566;2.7712;2.7523;1.238;-1.0004;5.117;-1.3729;-0.354;3.6214;1.5943;1.8455;2.1021
2.6561;1.6734;1.6817;3.5528;2.4919;4.8951;3.5321;2.8157;1.2852;-2.88;2.4307;-0.2606;1.3223;2.3002;27.6149;3.8565;0.7174;-18.5714;1.3043;3.3237;0.3401;2.3783;1.4797;1.3932;3.1329;0.8532;3.2605;3.503;-7.7778;0.1776;1.5777;2.2727;4.3557;4.4797;5.6408;5.3489;0.0;6.2702;1.2052;1.9594;3.1972;5.6731;2.2367;0.9259;1.3705;0.0371;-0.9383;8.2535;2.9727;2.0784;5.3272;2.9973;2.7868
-6.5789;-6.043;-6.9832;-4.8496;-8.6301;-4.6667;-6.2976;-5.7238;-6.4572;3.3385;-3.223;-0.1787;0.3005;-6.5914;-0.7765;-5.1781;-7.5421;-5.4054;-3.219;-6.3599;-6.0839;-4.7983;-6.0257;-4.6729;-3.4294;4.0853;-2.3272;-2.0878;0.0;-6.5715;-5.1784;-2.1548;-6.3942;-6.0537;-6.9689;-7.8015;-1.9417;-6.7251;-3.578;-4.5229;-2.1231;-0.8438;-4.1279;-2.4831;-3.9949;0.2229;-7.0662;-9.4146;-5.5711;-6.5269;-6.1413;-4.7479;-4.725
0.6532;-1.1616;2.3442;-0.7727;0.6335;0.6711;-1.0122;-1.0669;-0.7506;-0.8468;-1.0658;0.0001;-0.3279;-1.223;1.4125;-0.6478;-0.2528;-6.3291;-0.4607;1.6506;-0.4234;-1.2731;-1.1978;-0.2453;-2.1005;-4.0068;0.0175;-1.2413;-0.369;0.2996;2.4462;-0.9561;-0.6128;-3.2571;0.7614;-0.7434;-6.3636;-0.8959;-0.6079;1.4714;-0.9962;-0.6057;-0.2318;0.4535;-0.1899;1.2792;-2.8908;3.1506;-0.8848;-1.3484;0.2179;-1.1253;-0.849
-0.0512;0.1415;-1.8519;-0.1753;-1.1082;0.0;0.2402;-0.082;1.2076;0.2831;0.0958;-0.024;-0.2966;0.1441;-2.4944;-0.7269;0.991;-11.236;0.273;-3.1957;0.6557;-0.0887;0.0587;0.1966;0.6635;-10.7985;-0.1921;0.6992;3.4351;0.0666;-1.2802;0.0854;0.7869;1.1403;2.2049;-0.1991;0.0;0.45;-0.182;-1.8556;-0.8518;0.7038;-1.2674;-0.6757;-0.2997;2.0737;-0.0486;-5.3134;0.0;0.8172;0.6027;0.3314;0.1243
-0.9573;-1.073;-3.467;2.4425;-1.5946;-1.9737;-1.8977;-1.0146;-3.0589;-0.9432;-1.1024;-0.0647;0.4109;-1.6301;-7.0391;-2.1432;1.6096;3.4884;-0.3349;-0.7926;0.1419;0.0148;-0.9312;-0.5865;-0.563;1.7802;0.421;-0.3168;2.7451;0.8059;-0.0291;-1.132;-1.1618;-0.5043;-1.1116;-4.3264;-5.1724;-1.079;-0.423;0.1124;-0.1086;0.0587;-0.1757;-0.8928;-1.5683;-0.5727;-1.9647;0.3215;-0.7302;-0.7579;0.0548;-1.1363;-0.8421
-0.114;-0.2714;-1.965;-4.4776;-2.4144;-3.1847;-0.4046;-1.2821;-1.194;1.0301;1.8152;0.0401;0.2011;-3.7517;3.7139;0.624;-3.383;-21.1009;0.653;-5.9627;-0.9791;0.9558;-0.3422;-0.824;-1.3367;-9.3333;0.6532;0.8949;0.7905;-3.186;-3.0457;0.8577;0.445;-3.1145;-2.8251;0.0;-10.7692;0.108;-1.2824;-1.9968;1.0981;2.8116;-0.8537;-0.6652;0.1244;-1.7998;1.4808;7.3133;0.0529;-0.7373;-1.4587;-0.0804;-0.1267
11.0627;5.8351;10.4399;0.6041;2.5895;0.0;4.1525;1.6287;2.0952;-0.8174;1.6852;-0.0948;-0.0931;1.8056;4.4095;2.4828;2.9907;15.9574;0.6147;-0.1241;2.9319;3.7014;2.2537;3.5123;2.037;6.6617;-0.1762;0.6218;1.2;3.3602;2.5745;0.6632;3.8193;5.6452;-2.1942;-1.3053;10.1695;1.8007;0.8421;6.4302;0.9422;-1.0035;3.0521;-0.8791;4.5344;-3.8919;2.4898;3.2494;6.2669;3.7384;0.1623;2.9093;2.5385
-4.0941;-5.0125;-10.2632;-6.9685;-4.7677;-7.1006;-4.9468;-3.9875;-0.4739;-0.4323;-0.875;-0.1394;0.2086;-7.3061;-1.9339;-2.9924;-4.5016;-15.3153;-1.2558;-2.0656;-5.1041;-3.8851;-2.8856;-3.8127;-3.759;-13.862;-0.9773;-1.955;-8.0882;1.2934;-4.5291;-1.8959;-4.4442;-5.1988;-3.9047;-8.8618;-11.2782;-2.5452;-1.1887;-6.021;-2.0094;-1.2155;-1.5901;-3.6017;-3.2091;3.429;-6.692;-5.455;-4.3272;-4.1302;-9.1445;-3.1875;-3.3196
0.2231;-3.3454;-7.6325;-4.6248;-3.3212;-7.6503;-0.3139;0.0782;-5.3981;0.0;-3.1626;-0.3215;0.0861;-2.5408;-0.6477;-0.8593;-0.0724;8.8235;-0.3337;-5.8352;0.2171;-0.636;-1.9318;-1.0979;-0.7025;-6.7909;-0.469;1.3205;-3.2028;-1.772;0.9479;-1.0765;-0.1274;-3.8235;-1.6891;-5.6352;-1.4815;-1.4131;-2.2087;-5.0279;0.8673;0.1892;0.2835;-1.2552;0.0;-0.2602;-4.3047;-5.1558;-1.6931;-1.7713;-0.5379;-0.4173;-0.6962
-1.8707;-0.859;-0.8675;-1.1355;-1.6341;-0.5435;-3.6473;0.196;-2.8572;-0.1777;-0.7897;0.0863;-0.2003;-3.947;-1.1735;-0.7719;-3.1432;-2.8571;-0.8685;2.1028;-0.7331;-1.5293;-0.4778;-1.2258;-1.402;3.034;-0.5528;-1.1163;-1.0563;-2.9841;-1.429;-0.2104;-0.7198;0.7706;-1.9571;-1.5393;-1.4599;-1.3163;-0.9499;2.5531;-0.9495;-1.4793;0.8758;-0.6237;-0.0786;0.7113;-1.9029;-0.1163;0.1271;-0.5409;-1.2077;-1.0766;-0.9602
-1.6698;-2.1204;2.7736;-0.8853;-0.1711;3.3708;-0.9598;-0.9705;-0.7436;0.7159;-0.7752;-0.2954;-0.0088;0.9428;-0.1491;-1.1094;-1.1787;-13.2231;-0.2269;0.7059;0.1507;1.1193;-1.0238;0.0;-0.7126;-10.3774;-0.1035;1.954;-11.25;-2.8058;-1.8873;0.1719;-1.4098;-4.7968;-3.6621;0.0969;0.0;0.1828;-2.1408;-1.9287;2.8747;1.4056;-1.1659;-0.2075;-0.407;0.0;-0.7075;-0.9394;-1.9327;-1.1632;-0.6718;-0.3839;-0.4081
-0.3186;0.0439;2.2796;-0.2395;0.1932;-2.1978;-2.49;0.1166;1.6881;-0.3821;-1.4531;-0.2007;2.4839;-2.1137;3.8725;-0.1153;0.0208;4.3103;0.0;-4.9217;0.4046;-0.1177;0.3742;-1.211;-0.9032;-7.3522;-0.5833;-1.0622;-1.5385;21.486;-2.1372;-0.694;0.6467;-1.3088;0.0;-1.4477;-1.4388;0.2225;1.7484;-1.8247;-0.6103;-1.6382;-0.3345;-1.2295;-0.4829;-2.908;-0.6769;-1.8668;-1.5145;-0.1875;-0.7146;-0.5116;-0.4498
0.9915;-0.0219;-2.6147;-1.1249;0.9545;1.676;-0.0822;-1.1525;0.6371;-0.33;-0.2278;-0.3379;0.0761;-0.7388;1.6191;0.1332;0.2782;-1.6949;0.1446;0.0;1.2429;-0.4394;-0.1951;1.4171;0.2717;9.2697;-0.495;-0.5703;4.1667;2.7144;-0.3942;-0.4496;0.7782;-0.2777;2.9489;-3.8301;-0.7143;0.4997;0.1435;-2.4189;-0.0092;1.5336;-1.2174;-0.4082;0.7218;1.326;-0.4011;-0.6595;-0.8824;0.4418;-0.2376;0.0249;0.0146
1.5267;1.4768;0.1977;-0.4274;1.4439;-4.2781;0.725;-1.2893;-1.3443;-0.5554;2.1365;-0.0327;-0.5282;2.2356;3.9019;0.2046;-1.0936;6.3063;0.1241;0.4494;1.1965;1.7586;0.3356;1.8278;0.8888;-1.6575;0.0683;0.403;1.6287;1.3557;-1.3738;0.6346;0.7349;3.865;0.4876;1.3966;2.9412;-0.0657;-1.9144;-1.0702;0.7827;2.7889;0.349;0.2045;0.5681;1.838;2.493;3.8457;2.3461;0.7002;1.0567;0.3601;0.5285
-2.0056;-0.8316;-0.736;1.2687;-3.4248;-0.5319;-0.5337;-0.678;1.0764;2.6432;-0.6431;0.0206;-0.6063;1.3162;-0.4883;0.5905;-2.3901;-13.2812;0.0;1.9473;-3.0135;-1.12;1.326;-1.0471;-1.1008;-7.6059;-1.2983;-0.8829;2.3333;0.4003;-2.6249;0.1105;-2.8188;2.0006;-1.1494;-6.1189;0.0;-2.2984;-3.268;0.3803;-1.5322;-2.0663;2.8172;0.4107;-1.108;1.7557;-3.02;-2.9121;-1.3316;-0.1747;3.1204;-0.6472;-1.0608
-1.2069;0.4287;3.2945;0.2394;-0.5476;-1.0526;0.0511;-6.6784;0.6036;1.6596;0.5665;0.027;-0.2089;-2.9123;0.9151;0.7664;0.9557;4.065;0.6035;-2.784;-0.3534;0.9671;-0.322;-0.19;0.0904;-1.706;0.3214;1.3853;-2.9126;2.0425;-4.1838;0.9311;-0.3511;1.221;-2.6002;0.9249;-0.7299;0.2575;0.0;0.692;0.6;-0.6606;0.8323;-1.0163;0.4861;-0.0763;0.9333;-0.4681;0.4734;0.0;-2.1328;-0.5848;-0.2217
-0.5903;-0.8791;-2.5679;-3.2986;-0.5575;-4.0404;-1.9577;-1.8627;-2.577;-1.8614;-0.5382;0.0283;0.2876;-1.3775;-2.4937;-0.0901;-0.5125;-1.6;-0.0208;-1.7505;-0.8193;0.2386;1.2409;-0.8479;-0.4665;0.8603;-0.2699;-0.2975;0.6515;-1.0909;-1.0292;-0.9718;-0.6973;-0.8855;-0.6815;-0.5096;0.0;-1.8324;-3.622;-1.8982;-0.8057;-0.9118;0.9129;1.0267;-0.7934;1.1184;-1.4846;-0.3628;-0.3793;0.0437;-2.7804;-0.6686;-0.7534
-0.6122;-3.6901;-2.5036;-0.9032;-0.1757;-1.4925;-1.5464;-1.058;-1.5159;-0.54;-0.7553;-0.1265;-1.403;-2.3748;0.8305;-0.027;-1.1597;8.6957;-0.5998;0.883;-0.7612;-1.5708;-2.6228;-2.3908;-1.3164;-7.23;-0.2524;-1.1552;1.3201;-4.0326;-3.0402;-0.7997;-1.4762;-5.2573;-0.8887;4.1551;1.4815;-1.6408;-2.9299;-3.32;-0.7722;-0.1401;-0.9047;-2.0121;-0.6491;-1.2943;-1.7975;14.9044;-1.891;-0.8809;-1.3023;-1.361;-1.3012
2.2962;1.92;5.1113;2.6792;3.923;2.551;1.9084;0.7219;1.6271;1.1443;1.7536;-0.1186;0.5177;3.3412;-1.6114;0.3978;1.6738;10.5769;-0.1033;4.6189;2.5913;1.354;1.3946;2.0169;1.0611;6.5533;1.2436;-0.2305;14.3396;3.5743;2.9876;-1.0836;1.9209;5.5802;3.1536;4.2871;4.6512;-0.3715;3.2351;5.485;0.1456;-0.07;1.8051;1.8443;-1.0552;0.9608;1.4624;1.1174;2.8979;0.326;3.0187;1.2369;1.4361
-0.4028;1.1419;-0.202;0.8911;-0.4787;1.5544;-0.198;0.5878;0.8027;0.3917;-0.6622;-0.0579;-0.7096;0.9854;-1.255;-0.468;2.2661;-1.8868;-0.1032;-0.8018;-0.4695;-0.1337;0.1244;-0.5597;-7.8034;-3.2898;-0.7272;-1.1394;-2.214;0.8097;-0.7355;-0.8168;-0.9652;-1.0806;1.6779;0.9845;8.4034;0.3106;-0.7051;-0.3483;-0.7405;-1.6745;4.8677;-1.2146;-1.5656;-0.7249;-0.3851;3.9396;1.1834;0.7591;1.1634;-0.6964;-0.2198
0.7989;1.0584;-5.036;0.8387;-0.9009;-1.0256;0.0949;-0.5502;-0.5035;-1.0847;0.0084;0.0;-0.7651;-1.2677;-0.7562;0.5156;-1.0492;0.0;-0.4316;-0.5695;0.1555;0.1488;-0.2256;-1.5158;0.2716;-0.5294;2.5494;1.2162;2.2642;0.7752;-1.9995;-0.6831;0.4802;-6.4225;-0.7035;-1.4326;2.5862;0.0746;-1.1616;-5.4169;1.1233;-0.8979;1.8894;0.2029;2.6104;-0.9074;-0.4252;-1.3447;-6.4649;-0.5011;-0.3863;0.0911;-0.1374
-3.2074;-4.2441;-4.9248;-1.0815;-0.9362;-1.5152;-1.6282;-1.6903;-2.9323;0.2849;-1.3483;-0.1041;1.2972;-5.0658;-2.0693;-0.4861;-2.1341;0.0;-0.633;-4.1485;-1.5665;-0.6064;-1.724;-1.4932;-1.0749;-9.6129;-0.2077;0.6755;-5.3571;-3.92;-1.8037;1.8315;-0.9051;-6.0832;-1.6387;-3.3664;0.0;-0.2109;0.1034;-1.4424;0.1372;1.1962;-0.9552;-1.7928;-3.5027;2.2815;-1.7287;-1.8617;-2.222;-0.6995;-4.2976;-0.7437;-0.8417
0.9341;0.9306;8.672;0.1038;1.9952;0.5076;0.3389;-0.1687;-0.2689;1.8733;0.9409;0.1263;1.0673;2.7019;-2.1109;0.2527;1.0443;-23.1884;0.1022;2.5756;1.9541;-0.5589;0.317;0.546;-0.2234;6.98;-0.585;0.424;2.5641;-0.8165;-0.9946;0.2179;1.989;2.3109;2.1197;0.712;6.422;0.3611;4.5946;16.0423;0.487;0.2075;1.3033;0.8032;0.284;-0.27;2.0995;0.2227;1.6848;1.9707;-0.3224;0.852;0.7909
1.0473;0.4352;4.8312;0.1188;2.7612;3.1414;-0.5316;0.8166;1.2249;0.7175;-0.514;0.028;-0.2873;-0.0287;0.1067;-0.0812;2.2748;-4.1667;0.2459;0.3371;0.8919;-1.0191;0.0779;0.457;-0.0447;0.28;-0.1889;-0.4852;1.1111;0.0;4.0452;0.785;2.0789;1.8454;-2.2537;2.0553;0.9259;0.1247;-3.0398;4.8708;-0.1651;-0.6868;2.5101;0.6061;-0.2088;0.426;1.1336;-0.3631;1.3123;0.7333;1.877;-0.2105;0.1458
-6.3964;-4.0;-16.6306;-0.2518;-4.5827;1.0582;-5.8831;1.1008;-0.3391;-0.7124;-2.3186;0.0671;-0.1843;-4.0;-2.3958;0.6992;-4.1417;-2.7027;0.1026;-2.1978;-2.6114;-0.6221;-1.3668;-1.4415;-0.0372;2.585;0.6917;-0.9611;-4.5936;0.0;-3.3197;0.2201;-3.2337;-2.2228;-1.2208;-3.4521;-1.8182;-1.3041;-1.3954;-4.2143;-1.6423;-0.2967;-1.5348;1.5712;-1.6288;-1.5631;-3.7221;-3.6629;-1.5273;-1.8895;-4.0954;-1.7386;-1.5311
-0.715;-0.8152;-5.4076;-3.4739;-2.8102;-19.2308;0.5446;2.1075;-0.4389;1.364;-1.957;-0.0804;0.5192;1.3986;-1.2142;-1.2464;-9.7606;-28.5024;-0.6319;-10.4331;-2.4463;-1.13;-0.7356;0.7717;-0.0298;0.1918;-1.9997;-0.561;-2.7491;-2.2053;0.5257;1.6724;1.8673;0.0523;1.8281;0.3417;1.8519;-0.7328;3.9205;-4.4243;-1.642;-1.4043;1.3126;1.2658;0.0147;0.2676;-1.6501;0.57;1.4501;1.9184;-1.4197;0.0608;-0.8524
-0.048;-1.2545;-0.408;0.9817;5.688;-6.4;-0.4672;0.3171;1.3169;0.1071;-0.4978;0.0029;0.5665;-3.2738;-2.1349;0.1977;0.5914;-16.1943;-0.0815;-0.2944;0.506;-0.7665;-0.4556;-1.0332;0.2386;-6.0811;0.5281;-1.1704;1.0417;2.2153;-1.5748;1.1657;1.6054;-3.4848;-2.2516;-0.103;-0.9174;0.4539;5.1384;-0.6771;0.4278;0.5362;-0.1814;1.7167;0.0441;-2.7871;-1.9324;-1.6623;-1.2844;-3.6675;2.2686;-0.2562;-0.0898
-2.762;-1.6624;1.5748;-1.0711;-0.4335;-5.303;-2.4106;-1.7313;-1.2498;-0.0268;0.1675;-0.026;10.4102;-0.8584;-2.3215;-0.4472;-2.0916;10.7623;0.0204;-0.1959;-1.9465;-0.4803;-1.105;-1.286;-0.8063;4.4215;-0.3734;-1.1168;0.3484;-0.5412;-0.5815;-0.4675;-2.7993;0.3294;0.0715;-3.2703;-3.5398;-0.5854;-3.5666;-2.983;-0.7958;0.1371;-0.161;0.215;0.7843;1.8547;-1.1876;-0.2173;0.1866;-0.9541;-2.779;-0.6953;-0.6731
-1.6822;-0.5445;3.5178;0.0286;-1.5372;0.0;-3.2132;0.3475;-0.5208;-1.1902;0.2199;0.0589;1.6639;-0.7983;-0.4699;-0.7634;-1.1159;-1.7621;0.1224;-3.9511;-1.151;0.4826;0.0215;-1.0965;-0.2656;1.7225;-0.372;-0.0203;4.7445;-0.3467;0.6982;-0.0113;-1.3803;0.254;0.3229;-1.2563;0.8929;-1.05;2.4833;-0.5135;0.1683;-0.0457;-2.0501;-1.2739;-2.5382;-2.0393;-0.5634;-2.6326;-0.5082;-0.7226;-1.819;-0.6775;-0.4686
-0.0344;0.0919;0.215;0.4016;1.1309;3.937;-0.2262;0.174;0.1009;2.6052;-1.0091;-0.2481;1.0961;-0.3975;0.2552;1.122;0.393;7.0755;-0.1832;1.5282;2.7582;-0.0993;0.9041;-1.1704;-0.5648;1.9512;-0.0338;0.0;-3.8596;2.3256;0.5207;0.789;1.1223;-5.1782;-0.2862;1.0279;-0.885;0.1814;6.8894;-1.9935;-0.1327;-0.1368;-0.7241;0.2128;0.1888;1.1249;1.053;1.3019;-3.9068;0.735;-0.3453;0.0836;0.2229
1.9305;1.1424;2.6026;1.2048;1.6037;7.173;0.9589;1.7351;1.0194;-1.4706;1.8828;-0.0375;0.3112;3.3982;0.9913;0.4146;2.4702;1.4354;-0.1017;4.0755;1.5036;0.9592;0.3531;0.9186;1.1713;0.5888;5.9456;-0.3238;0.3521;-1.1302;-6.1012;0.5135;0.722;5.4342;5.7911;2.1699;5.1163;0.3884;0.8118;3.7851;-0.0354;-1.6708;1.088;3.0702;-0.4194;2.5375;0.0;3.1576;2.5226;0.9417;2.6584;0.8771;0.9446
-0.1174;-2.4302;-1.6486;-0.1449;1.6465;-5.2;0.0642;-0.1767;-0.1527;1.3001;-0.3295;-0.168;-0.8249;0.3575;-2.0392;-0.5022;-0.5677;-1.8779;-0.3244;2.5484;0.3333;-0.4986;-0.2547;-0.2618;-0.3889;-4.0941;0.867;-0.1616;0.0;2.0684;1.7521;0.3033;-0.3785;2.0736;1.0325;-0.8229;-20.3704;0.0364;1.1557;-0.5062;0.0619;-0.2238;0.517;0.6622;-0.8746;0.1155;-2.0475;0.5592;-0.66;-0.1496;2.8246;0.2517;-0.0676
0.5784;-0.1682;0.392;-4.2072;-0.1747;-6.7164;0.2376;-0.4224;0.8554;-1.4152;-1.6131;0.095;16.7506;-1.4367;-1.0188;1.8914;0.9289;0.9479;0.2235;-2.1934;0.0046;-0.7213;0.8856;0.2625;-0.209;8.2527;-0.5568;-0.2217;-4.3771;0.5198;-0.2159;0.2812;0.3991;0.0;-2.0966;0.5322;11.5702;-1.5774;0.828;1.1745;0.0443;-0.2789;-1.0624;0.2212;-0.3429;0.7758;-0.0229;-2.2504;-0.2005;-0.2983;-2.747;0.2124;-0.0709
-0.8544;-3.1152;0.6135;-4.6093;-2.8699;-2.1898;-1.6483;-0.976;-2.3555;1.6558;-2.0031;0.0654;8.2806;-4.2316;-2.9478;0.2198;0.4544;0.0;-0.0406;0.501;-2.3507;0.4832;-1.4015;-2.0985;-1.5141;-4.6625;-1.5213;-0.1007;-1.9802;0.8874;-1.6348;0.1667;-1.5343;-4.505;-2.34;-3.9559;13.0841;-1.2159;-1.4804;-3.1223;-0.7206;-0.156;-1.6067;-0.4405;0.3441;1.1377;-2.495;0.3303;-1.5784;-0.8381;-1.2714;-1.4656;-1.2726
0.4172;-0.3062;-0.1313;-0.9836;-0.1213;-5.5172;0.0341;-0.0348;0.6219;-1.6288;-1.4095;0.0946;-3.2926;-0.5935;-0.6488;-0.9074;0.5912;-3.211;-0.0406;-3.7609;0.108;-4.1672;-1.5339;0.1287;-1.0689;3.9899;-0.7549;-0.2611;-0.9804;-1.7829;0.2128;-0.1034;0.0749;-3.071;-3.1515;2.3311;-4.4643;-0.808;-2.1;-1.1185;-0.2892;0.2905;0.1357;0.2207;-1.0779;0.1965;0.3438;1.1812;-0.6626;-1.0454;0.2637;-0.46;-0.3015
-0.363;0.0563;-1.2105;0.105;1.0692;12.4031;0.1854;1.0919;-0.1343;0.645;0.1415;0.0267;6.3036;0.1551;-0.7907;-0.4157;0.0732;0.4608;-0.7455;3.2869;-0.1346;1.199;0.3729;0.3874;0.762;-1.5905;0.6716;9.2126;4.0816;0.3978;1.7977;-0.978;-0.0842;-1.3024;-2.0125;-2.033;1.8182;0.8503;0.3264;-1.0677;1.3589;-0.0335;0.0388;0.2212;-0.4658;2.622;-0.5352;1.4485;0.1683;0.0559;0.4415;0.4083;0.2659
0.223;-0.2557;-2.3226;-3.4111;0.9142;-1.1494;-1.9499;-2.4734;-1.0136;2.0011;-3.2995;0.0775;-0.5235;2.4901;-1.1273;-1.7142;0.8923;-0.4587;-0.7797;-0.4955;0.7202;0.3041;-2.4326;-0.2148;-1.123;0.1992;-0.3698;0.7736;-0.6757;1.045;0.5283;-2.2782;-1.2197;0.5716;-2.258;0.6165;-2.6549;-0.8199;0.1188;-1.7859;-2.8643;-0.4669;-0.7888;-2.5862;0.1839;0.8133;-1.2624;-1.3349;-0.5578;-1.2076;-1.178;-1.7149;-1.0762
-0.2984;-0.2054;-1.1274;-3.1323;-1.2061;-7.7739;0.4108;-0.0686;-0.2652;0.3576;0.1037;0.1798;12.6958;0.3989;-0.0727;-0.8105;0.1294;1.3953;-0.299;-0.3949;-0.439;-2.3488;0.0312;0.129;-0.483;6.8085;-1.0972;0.9146;-4.2071;-1.7766;0.4422;0.4017;0.0462;0.0715;-0.5106;-1.3953;-0.8772;0.9578;0.8993;0.4469;-0.0172;-0.7612;-0.0577;-0.8547;0.7265;0.2037;0.0661;0.7329;0.2703;0.3254;-0.4776;-0.0312;-0.1497
-0.6394;0.5507;0.0;-2.3744;0.3378;-7.8176;-1.2549;-0.9521;0.0332;-0.7915;-0.9826;-0.1986;-3.7471;-1.5191;-0.9003;-0.1495;-0.1661;0.939;-0.4168;0.297;0.4274;-1.0287;0.2502;-0.556;0.5072;9.5571;-1.7622;-0.5987;1.9802;1.239;-1.3952;-0.687;0.5226;-0.5923;-1.8376;0.5585;-2.5641;-0.3182;0.03;-1.2047;0.0863;-0.3079;-0.8389;-0.6369;-0.2699;-0.1627;2.2837;1.018;-0.6115;-0.2004;-4.0417;-0.2432;-0.1774
0.5671;-0.0188;0.1254;-2.0899;0.1643;3.0201;0.9507;0.4097;0.9202;0.2737;-0.5832;-0.1194;5.8014;1.4886;0.0;-0.5337;1.5746;-0.4673;-0.0991;0.6979;1.5342;0.4159;0.0156;-0.0428;0.1161;-7.2432;0.2057;-1.6572;0.6645;2.3313;1.9333;-1.2691;-2.0656;1.6374;1.3202;0.8236;-2.9046;1.0601;-4.5507;1.7847;-0.2326;-1.1308;0.191;1.073;-0.4385;2.1188;0.5286;3.8904;1.2191;0.5069;-0.4975;0.4016;0.3539
-1.1042;-1.0402;-1.8062;-0.5372;-0.7429;-7.1651;-1.5258;0.7222;-1.1085;0.7167;0.0292;-0.0199;-1.0044;-4.0796;-1.1392;-0.833;-1.1428;-0.4651;-0.7869;-1.3766;-1.2068;-0.6133;-0.2963;-1.4743;-1.0126;0.0541;2.8204;1.2809;-1.9544;1.6209;0.4689;-0.1965;-1.4058;-2.443;-0.1352;-1.6666;2.1186;-0.9556;-1.6882;-2.1484;-0.5653;-1.3409;-1.4495;-0.4274;-0.8415;2.2515;-1.5904;-1.1808;-0.6244;-1.282;0.083;-0.696;-0.637
-0.7232;-1.4823;-1.4164;-1.3252;-0.0882;6.6445;-0.6606;-0.6491;-0.1817;1.1148;-0.3488;-0.0569;-10.3332;0.9784;-0.8121;1.4614;-1.6584;-1.8265;0.8332;-6.0074;0.0874;1.2966;1.2686;-0.711;-0.1506;1.9857;1.9224;0.7566;-1.6026;-1.2315;-0.0892;0.3067;-0.5556;-0.4211;-0.1013;-0.2446;0.0;-0.4814;3.314;0.3151;0.6031;-0.491;0.2453;-1.2658;0.3519;4.6222;-0.6204;-1.3589;-0.8134;-0.1301;0.6683;-0.2305;-0.123
-0.0574;0.3858;2.0653;0.0923;-0.2078;-2.589;0.0234;-0.0683;0.3979;0.1675;0.8612;-0.0501;-0.5398;0.8889;-0.1586;0.0793;0.2985;0.4587;-0.3558;-2.4029;-0.5138;1.0536;0.8922;0.0418;-0.1861;-0.929;-0.4649;0.5594;1.6287;-1.4563;0.2908;-0.3275;-0.6853;-0.4888;1.4041;-0.2904;0.0;-0.7343;-1.0641;1.0121;0.0776;0.6446;-0.0754;-0.2105;-0.1265;2.7867;-0.4192;0.3055;0.8577;-0.6665;0.1674;0.1304;0.0791
-0.3088;-0.5905;3.109;-0.6076;-0.2858;-2.2152;-1.9911;-0.8127;-12.3656;-4.9111;-0.4088;-0.1694;6.9088;-1.6457;0.8533;0.6384;0.8108;1.3953;0.9378;-2.0221;-0.0824;-0.1912;2.5208;0.2096;0.3952;-2.9693;0.2869;-0.5563;-0.3247;-2.3697;-1.1062;-0.0818;0.1694;3.969;-0.545;0.5787;2.6087;-0.4294;-2.2766;1.0874;0.5201;0.1291;-0.0189;-0.8351;1.4113;-2.5812;-1.7913;-5.3632;1.4757;-0.1223;0.674;0.2802;0.0544
0.9934;0.7791;-0.2125;2.3826;0.0768;2.2654;-1.0274;1.0316;-0.029;0.7489;1.1406;-0.1847;-4.4739;2.2614;0.7703;-0.0532;0.8424;2.8708;-0.0798;4.7161;-0.3456;0.6184;-0.794;20.8819;0.7529;1.0177;-0.8887;-0.8822;1.3158;2.138;1.3226;-0.8921;0.125;1.0763;1.5917;1.332;1.7699;0.5132;3.8832;0.6418;-1.036;-0.8321;-0.6556;-1.4403;-0.1566;-0.9259;1.8914;-1.6069;-0.0662;-0.6076;5.9348;0.2669;0.2834
-1.0402;2.0279;-0.6334;-1.1372;-1.9082;-3.4375;-0.1498;-0.7847;1.5189;-1.5275;-14.653;-0.0695;1.2935;0.0263;-1.4651;-1.0262;-0.5115;2.451;-0.2982;1.1685;-1.8466;-1.7551;-0.0162;0.6633;-0.7687;3.0353;-1.0204;-0.0881;-2.2508;1.225;-1.6317;-0.6539;-0.4443;-1.6835;-3.7629;0.2183;-14.3939;-1.8931;-1.2114;-1.3998;-0.4648;1.0347;-1.4945;0.0;-0.8327;-4.1825;0.9135;8.5111;-0.918;-0.9032;0.4933;-0.4239;-0.6848
-0.5004;1.2548;1.3265;0.0929;-1.4409;10.7266;1.8327;0.9645;1.1184;-1.2997;1.477;-0.0249;7.0375;0.2902;2.3672;-0.2799;-3.0412;0.0;-0.1588;-1.0597;-0.5933;-0.0809;0.7399;0.3584;0.5562;1.1161;3.058;-0.5915;-3.1153;0.5337;0.4875;2.4697;0.2405;1.2664;-0.431;1.789;10.9244;1.7749;2.8478;-0.2105;0.0086;-0.2366;0.781;1.4614;-0.1409;0.7234;5.2693;3.3046;-0.5959;1.0205;0.2698;0.8004;0.3896
0.1823;1.9908;-0.5532;3.9353;0.221;-1.7007;0.5975;-0.1719;0.3742;0.6278;0.1505;0.1852;-1.9509;0.6104;0.3991;0.2895;-2.2714;6.8063;0.159;4.9545;-1.2246;-1.0413;-0.1033;0.8781;0.3989;-2.8726;-0.2921;0.1097;-1.8349;-0.041;0.7816;-0.4191;0.5014;2.6757;-0.9198;-0.9201;-4.8;0.2341;-0.9985;0.1661;0.1207;0.9224;-0.2966;-0.2083;-0.8801;1.5997;2.0749;3.1894;0.7788;0.0068;1.5525;0.0505;0.1133
0.5787;0.7817;4.8639;1.8942;1.4069;6.9091;1.3335;0.8322;-0.7133;-0.3129;1.1628;0.2659;5.643;0.3729;2.587;-0.7401;-0.7246;11.0465;-0.1389;8.562;0.3602;-0.5179;-0.244;1.4675;0.657;1.8774;0.5508;0.33;0.6154;1.3727;1.8885;-0.3736;-0.0447;5.4311;1.8742;-1.4766;9.6491;0.3642;-1.7316;2.9398;-0.54;-0.6683;-2.7007;-1.2346;0.435;2.2999;2.1188;0.1086;1.0909;0.0947;6.414;0.5187;0.6567
1.171;0.4844;1.4946;1.9947;2.6446;1.8519;0.4496;1.0158;-0.5174;0.5242;2.0258;0.0488;7.2407;-1.6763;1.1293;0.7368;1.9985;-6.0109;0.1989;-3.5979;1.2735;3.0942;1.063;1.3815;1.1968;-9.45;0.3131;0.3755;-5.2478;3.176;1.0577;0.8365;1.232;0.2643;-0.4;1.9881;-4.2017;-0.1525;2.4845;1.8692;0.4823;0.0216;1.4251;5.1948;0.9347;1.0729;-0.5027;-0.1265;0.4478;0.6674;2.9;0.786;0.8192
-0.2371;0.2625;0.318;-0.2253;0.3177;0.7463;0.0047;-0.349;0.4008;-0.2354;-0.4147;0.0543;1.8889;0.3944;1.49;0.1757;-0.2771;4.5714;0.1394;-1.4614;0.0858;0.5092;0.7063;0.4269;0.1999;-1.2346;-0.4765;0.9813;1.7804;0.9095;-0.0689;0.5682;-0.1086;-2.1216;3.4483;0.8581;2.5862;0.5425;1.2275;-0.9161;0.755;-0.4401;0.9341;0.4348;1.8022;3.5648;0.7351;-2.6571;0.0858;-0.3529;3.8961;0.0903;0.2136
-3.3482;-1.0841;-4.1376;-1.2973;-2.9821;-1.4706;5.6324;-1.0021;-1.9645;-0.0784;-1.4306;0.0775;-1.1702;-0.8603;-3.3241;-0.8192;-1.4355;-3.8462;-0.1194;-3.2323;-2.8441;0.4423;-0.6632;-1.5756;-1.9026;-16.3223;0.7572;-2.9017;-4.8023;-2.0365;-1.0909;-0.8725;-2.0562;-0.9736;-2.7824;-2.5804;-1.6949;-1.1885;-1.1249;-6.5161;-1.1665;-1.02;-1.5087;-1.2876;-0.4592;-2.0852;-2.6866;-2.3305;-1.4937;-2.2035;-3.7981;-0.7822;-1.4454
-1.111;-0.4974;-2.2563;0.372;-0.1482;2.2556;6.5528;0.0;-0.1598;1.4581;-0.1943;0.0529;-3.6676;-0.596;-1.0055;0.0174;0.0873;-10.7843;-0.809;1.4344;-1.4616;0.3189;-0.8478;-0.9454;-0.4122;-12.0959;-0.0185;0.2823;-1.3928;-1.0495;0.1365;-0.4125;-0.6953;-0.5605;-1.5512;0.727;-0.8403;0.4565;-1.4873;-0.8491;0.0172;-0.8637;-0.8935;-0.6397;-0.5282;0.2727;0.8174;2.668;-0.0657;-0.6986;-2.0078;0.3765;-0.2945
-0.4403;0.9323;0.4705;0.3859;-1.0474;-3.2727;-0.4587;-1.1949;0.7023;-0.6322;-0.1778;0.1506;3.6249;-0.9751;-0.455;0.561;-0.8364;8.5106;29.2857;-2.5948;-0.0101;-0.579;0.8281;-2.8047;-0.2021;10.6067;1.0259;-0.3678;-3.2345;-0.8326;0.1824;-0.1263;-0.7686;1.0816;-1.1097;-1.3676;-0.8333;-0.5819;-1.6633;-3.6176;-0.0086;-0.4613;-0.993;-2.6971;-0.0713;0.0;0.4346;-1.938;-0.9853;-0.4853;0.2947;-0.5767;-0.6902
-1.0994;0.1502;2.454;0.4125;0.2722;-3.8462;1.0287;-0.577;-0.7262;-1.4794;-0.7856;-0.0385;1.9447;0.9324;-3.9;-0.3407;1.8805;-4.0816;-1.9019;-2.7184;0.6554;0.2488;-0.2588;-0.1527;-0.1657;-11.8938;-0.3717;0.2626;6.0;0.0529;2.2854;-0.3721;-0.0785;1.0935;1.7264;0.6661;-0.8264;-1.0821;2.7099;1.8483;0.9351;0.2417;-0.0181;-0.4132;-0.9047;-0.0454;-1.7165;-0.3449;0.4482;-1.1219;2.9322;-0.0274;0.0869
-1.2841;-0.0848;-2.018;0.2004;-1.5265;-2.0548;-1.5014;0.5461;-1.1202;1.3147;0.4962;-0.1366;-2.4263;1.9002;-5.0639;-0.4175;2.5244;-1.5075;-2.5841;3.4137;0.092;-0.0276;-0.3402;-1.5045;-0.459;-6.6116;-0.8476;0.883;-4.3716;-0.3374;1.6596;-1.3975;-1.1388;-2.8579;1.2437;-0.7304;-0.8197;0.0806;-2.7778;-2.5028;-0.1383;-1.04;-2.1201;-1.8256;0.0991;0.0455;-0.7069;5.2754;-3.287;-0.8105;0.6104;-0.5375;-0.496
-1.0105;-0.3705;0.172;-0.6842;-1.71;-2.0134;1.8024;-1.7438;-0.8685;-1.1438;-1.0648;0.0144;5.4606;-2.896;-0.4298;1.6266;3.4337;0.0;0.3916;-2.3529;0.0169;-0.4265;-0.6488;-0.0501;-0.5563;1.5441;0.0;-0.2422;4.2735;-0.7535;-1.8613;0.7502;-1.4119;-0.1767;-1.6529;-0.5448;0.0;-1.1615;-2.7027;0.509;-1.3729;0.9131;-0.4047;-1.5968;-0.24;1.7576;-0.9799;2.2042;0.8469;0.3227;-0.6569;-0.2517;-0.3692
0.7988;-0.8059;-10.5769;1.0814;-1.1181;3.8328;-0.3079;0.5734;-0.2146;-0.026;-0.1433;-0.3449;2.1521;-0.9393;0.0827;2.8364;-0.6808;0.0;3.3123;0.0981;-1.217;0.193;-0.3856;-0.25;-0.1993;1.4992;-0.2573;-0.3292;8.0;-0.2505;0.444;0.4587;-0.068;-1.8826;0.3317;1.2988;-8.2707;0.1482;2.1925;-3.8473;-0.6944;1.0071;-0.2457;-0.5952;-0.7565;1.7891;-0.7487;0.7552;-0.1909;0.2394;-0.9509;0.1032;0.0131
-0.8663;0.512;1.1673;2.1711;-1.9708;2.1352;-0.7258;3.5265;1.1286;-0.7992;1.0942;0.289;0.0919;-1.5004;1.3584;0.0091;-2.3392;-7.4419;5.1862;-0.2935;-2.0523;1.2279;-1.0586;0.05;0.6375;1.3117;0.5544;0.0659;0.3086;1.3542;2.1241;-1.0056;0.1106;0.5981;-1.8555;-4.3814;0.7576;1.1535;2.9912;0.7512;-0.1944;-0.4223;-0.3324;1.2048;-0.349;-6.0593;-0.3385;-2.2405;0.3557;0.5463;1.0111;0.5504;0.2953
-3.5522;-2.8397;-7.8523;-0.727;-1.2087;1.0791;0.9284;1.6324;-2.055;0.1549;-1.5369;-0.3089;-0.7022;-1.4539;-1.7789;1.224;-0.3854;8.5859;-3.2922;-0.4869;-0.6147;-2.1971;-2.0372;-1.1375;-1.3009;-4.0729;-4.1962;0.0439;1.8868;-1.6646;-0.5931;-0.7512;-2.2459;-8.7747;-0.8072;-0.7013;-1.4925;-1.4998;-0.9585;-5.1865;-0.9377;-1.1479;-1.0559;1.8405;-0.8719;0.7127;-1.8721;-0.1533;-2.308;-1.3158;-2.5616;-0.8352;-1.0736
2.1146;2.9828;5.7641;3.1982;3.0877;-9.1503;2.9075;4.3317;0.6418;-1.8251;3.2658;nan;-8.2527;5.953;1.9479;0.3973;1.0588;6.4516;3.7907;2.9058;2.1601;0.4111;0.6464;4.5501;1.427;4.2458;-0.4582;-0.9144;8.1633;3.0888;4.6685;-0.2355;2.7082;5.6944;8.5905;4.6702;6.3492;7.0812;0.9677;3.6282;-1.0603;-0.9202;1.6719;5.1613;0.4169;1.4919;5.4026;3.5875;2.3158;1.7835;6.3384;1.8045;1.9341
1.2239;-0.3038;1.5402;-3.2348;-0.5349;-2.5478;-2.2378;0.6334;-1.1003;-0.6798;-0.5209;nan;-4.512;4.7593;3.9448;0.4082;-1.1726;2.7624;2.7709;1.0121;1.0478;1.2065;-0.4903;1.9505;0.194;-10.4759;0.1235;-0.2172;1.3793;-2.3051;-0.4696;0.5869;-0.5184;2.6387;0.7062;-1.4253;-24.5509;-0.17;-2.3762;2.1406;-0.1076;0.2591;0.3178;0.0;-0.4703;-1.25;1.7322;1.5782;2.3994;0.0261;-0.0524;-0.0569;0.084
1.044;-0.7825;1.0899;0.1786;-0.5326;-4.5593;0.0216;-1.3598;0.5532;1.6117;-0.1625;-0.0765;-0.5537;3.2185;-2.7169;-2.1336;-0.829;0.5556;-0.7083;-2.1782;0.7074;0.3619;0.1796;-0.8364;-0.7417;-2.5595;-1.5633;-1.3079;-0.6849;-0.2925;-4.6429;-0.9388;-0.212;0.5704;-3.1132;1.739;1.8293;-1.2593;-3.6414;-1.747;-0.9589;-0.3821;-2.3448;1.087;-0.9046;1.8182;-0.5954;-2.7449;-1.1262;-1.4617;-0.6243;-0.5492;-0.7132
-0.8914;1.8354;3.2142;-1.545;1.0228;10.4027;-1.0235;0.6659;0.0;-1.1631;1.7426;0.4461;-9.6944;-0.3096;2.3462;-0.1269;1.0912;-4.2553;1.4088;1.4056;0.9889;0.7431;0.0476;1.0565;0.7038;-0.2703;1.1064;0.0644;-5.8065;-1.6441;-0.8181;-0.016;0.9763;2.7785;0.137;1.8677;-6.2857;0.349;0.6944;0.2096;0.1067;0.4044;1.9153;-1.4989;0.3024;-0.4525;3.1455;-2.5689;2.227;0.7003;0.3655;0.1254;0.4666
-0.1325;0.0457;-0.6784;-1.7767;-0.4353;-1.3245;-0.0614;-1.0977;-0.8439;-0.1767;-0.4379;-0.3412;6.1262;-3.1352;1.0893;-0.3884;0.1933;3.8674;1.4858;0.7078;0.3877;-0.4189;-0.4262;-0.3684;-0.486;7.4194;-0.0527;0.0644;-1.8987;0.5787;1.6635;-0.9927;-0.1368;-0.2796;-1.0508;-0.3497;2.3392;-1.1304;-0.3874;-0.4231;0.041;1.4409;0.6366;1.3015;-1.6495;0.0906;-1.0999;-1.3603;1.0104;-0.2909;-1.1868;-0.3572;-0.3577
-0.6475;-1.7905;-1.8025;-1.9121;-0.4116;2.7211;-1.83;-0.9424;0.0563;-2.1728;-0.6314;-0.0468;-3.6198;-1.2917;-3.0158;-0.2882;-0.6839;1.6854;-0.5853;-1.001;-0.4108;-1.3091;-0.9537;-2.2131;-0.8363;-2.943;-0.7145;-0.5975;6.7568;0.6658;1.1295;-0.2686;-0.8564;-4.8149;0.6826;-0.5469;8.2278;-0.2019;0.7527;-1.2865;-0.5794;-0.5231;-0.8417;-0.432;-0.5112;0.1815;-2.2231;-0.4431;-1.0936;-0.9732;-0.5644;-0.8146;-0.6689
-0.6745;-4.8834;-3.1867;-0.4818;-1.8432;0.0;-2.5847;-3.3287;-1.4288;0.1484;-0.5595;-0.0611;0.9385;-1.0913;-2.8794;-1.3154;-1.1915;2.8902;-0.7469;-1.0891;-1.7682;-1.453;-1.9168;-3.0923;-1.5352;-5.363;2.4277;0.2997;-5.1282;-1.7981;-3.6582;0.8015;-0.9074;-2.1775;-1.1137;-2.8341;4.6358;-1.1968;-0.6921;-1.4922;0.4508;0.7378;-1.3493;-3.5417;0.5138;-0.7207;-1.766;-3.2229;-2.3656;-0.6804;-3.2754;-1.2558;-1.1436
-1.4328;-0.3225;-1.4579;1.4045;0.0116;0.0;0.2022;-1.1431;0.8957;-0.345;-0.5629;-0.0082;-1.8207;0.6699;-1.371;0.4912;-3.1573;-4.4199;1.2605;-1.3672;-0.5048;-1.353;0.6845;1.6734;0.2098;-5.6999;-0.5856;0.3221;4.3478;-0.8107;0.4185;0.0212;-0.1426;-0.4477;2.0668;-0.2067;9.4203;1.0193;0.4449;-0.3934;0.263;0.3703;-0.482;0.4184;-0.4174;-1.4647;-0.6968;1.1543;-1.4871;-0.3296;1.1039;0.3029;-0.0017
-0.6808;-1.3801;-7.8222;-0.9316;-0.3691;1.3793;1.5621;0.104;-1.5026;-1.3852;1.0658;-0.2001;6.4469;-1.8153;-0.5196;-0.4977;0.3803;1.6854;0.5634;1.3861;-0.4503;-0.6653;-2.165;-0.1519;-0.4386;5.2647;-0.5471;0.8445;3.4602;0.2438;1.9678;0.0;-0.6502;-3.3257;4.2744;-0.549;-4.1667;-0.1184;-1.668;-2.9795;0.0987;0.4356;0.7108;-1.4433;-0.0807;0.0444;-0.8846;-2.0321;-2.1907;-0.4291;-0.5489;-0.1488;-0.2144
-0.1737;0.9694;-0.2406;-3.5814;0.1012;-0.3436;-2.8091;-1.0635;-2.7223;1.0312;0.0262;-0.2221;-0.3651;0.1053;2.0716;-1.9434;-1.4089;1.7143;-1.471;0.6979;-0.7473;-0.5295;-0.9179;-0.0506;0.5953;-6.2845;0.372;-0.6454;1.7606;-5.3097;0.5723;-0.8005;0.5111;2.3549;-0.6424;0.5083;3.5971;-0.9498;0.3292;0.1912;0.0741;0.4911;-0.3111;-1.0204;-0.0269;-0.8803;2.3184;8.9738;-0.4327;0.5202;0.4511;-0.631;-0.208
-0.665;-0.7696;0.3796;-1.8773;-1.0026;-2.0202;1.0027;0.2407;-0.2675;0.2955;-0.9105;0.1186;5.5591;-0.1578;-2.9904;-0.2174;0.1707;-8.377;-2.5689;0.1998;0.6503;-1.448;-0.7968;-0.1516;-0.349;-0.4118;-0.6162;0.0215;0.7092;1.9616;0.8173;-0.4405;-0.4421;-0.9926;-3.0114;0.6539;-2.1127;-0.1405;-2.4619;-1.4087;-0.1233;-1.0355;-0.2242;-0.2037;-0.9063;0.044;-2.1368;-2.6113;-0.3432;-0.0063;0.5544;-0.1527;-0.4615
-1.5492;-0.2459;1.5773;-0.9861;-0.68;3.125;4.6486;-0.3085;-0.0668;-1.4559;-0.397;0.0417;-7.6439;-1.0923;-0.4641;0.0348;0.4516;10.4046;0.3528;5.4795;0.275;-0.3639;-0.732;-0.7523;-0.0767;3.3475;-1.2174;-0.1719;-3.7543;-0.6625;5.2898;0.453;-0.0334;0.979;-0.345;1.1289;4.4118;0.7907;1.8534;-0.438;-0.3115;0.7988;0.3982;-0.4057;-0.2261;1.1131;-0.7174;0.6442;-1.38;-0.0634;0.5066;0.3188;-0.1046
0.3008;-0.1915;4.7357;3.0243;0.7637;1.7668;1.4849;0.9692;0.0936;-2.1373;1.2814;-0.3319;3.9715;2.5333;1.2312;-1.6259;-1.4923;2.9762;-0.1084;2.9284;0.5504;1.6783;1.3191;1.7866;0.9007;1.2349;0.5948;-0.2571;0.3425;2.3534;1.2558;-0.121;0.5449;2.8284;1.7193;-0.9048;5.4264;0.5339;-1.0518;1.3368;-0.1391;-0.4137;0.5571;1.0246;0.1065;-2.1777;-0.0463;0.3268;1.1234;0.1651;11.0861;0.7282;0.6105
-0.5583;-1.9946;-2.12;-1.3478;-0.622;-4.0678;1.1235;-0.6192;0.349;0.3336;-0.5462;-0.5766;-2.5448;-2.7994;-2.4648;-0.2561;-0.135;3.7037;2.6719;0.655;-0.4084;-0.3949;0.7371;-1.9028;-0.6363;1.3683;-0.6777;0.0643;-2.6667;1.252;0.0769;0.4545;-0.7571;-1.0671;-0.5236;0.2171;-3.0075;-0.7069;0.135;-1.4784;0.1065;0.17;1.9705;-0.611;-0.4769;-0.1739;-3.1586;-1.3584;-0.8528;-0.6748;3.0145;-0.0252;-0.3466
0.8394;-0.8262;0.1439;-1.6652;0.1768;2.7875;-1.4102;0.0;0.6894;2.4408;0.5294;-0.2153;3.9713;-0.7205;-0.8926;0.4803;0.1746;-2.4096;-1.3183;0.4386;-0.2042;-0.2233;-1.0175;0.1504;-0.5286;-3.6736;0.3487;-0.1499;6.7616;1.8092;4.2513;0.18;-0.1164;-0.2602;0.2099;-1.0145;-5.6738;-0.1412;0.7619;0.2924;0.3041;-1.1967;0.7692;-1.996;-0.514;0.2615;-1.0785;2.8463;0.0348;0.4434;3.3553;0.054;-0.0038
0.0402;0.0058;-0.2154;0.1588;0.0548;0.7018;-2.4971;-3.646;0.5573;-1.0625;-0.8265;0.1033;-3.4215;-2.0171;0.5511;-10.3491;-0.8878;2.4691;-1.4614;1.3333;-1.088;-0.0787;-1.1626;-1.336;-0.3949;0.934;-0.3821;-0.0642;10.1961;0.1647;-2.5534;-1.4196;-0.5126;0.6427;-2.8212;4.7018;1.4388;-1.4378;-3.1621;0.8052;-0.4582;-0.0524;-1.8437;-1.5717;-1.0176;0.4818;0.3261;0.269;-1.6101;-1.115;-0.2987;-1.0194;-0.6566
-0.1807;-0.5209;1.9027;-0.3505;-0.0981;1.7857;1.1133;1.1059;0.4506;1.8446;0.5836;0.1171;-2.0414;-1.953;-0.5792;-1.4995;-0.3061;4.5161;-0.0811;0.2227;-0.2645;0.0394;-0.493;0.0495;0.3127;-1.1748;-1.3368;-0.5532;0.7905;-1.2607;0.1566;-0.1303;-0.0826;0.4543;3.0112;0.6507;-4.7945;-0.6795;-0.0527;2.8749;-1.1564;-0.5323;-0.4022;0.0;0.6434;-2.8097;0.1931;0.4955;1.451;-0.4986;0.1795;0.1043;0.063
-0.01;0.0579;-2.1482;-1.591;-0.9753;3.321;-1.6399;-0.1339;0.1093;0.9434;1.7582;0.105;3.2626;0.6469;1.7359;1.6474;0.4361;8.3916;-0.6181;-1.7505;-0.4914;-0.6003;0.1907;-1.7987;-0.8544;1.8228;-0.0685;0.1065;0.7968;-0.2434;-2.2698;0.0783;0.2319;-2.1983;1.2407;-2.9461;10.6061;-1.1048;-0.8098;-1.8649;1.0212;1.6982;-18.8361;-0.5859;0.6077;0.8155;0.8688;-2.5534;-1.0999;0.1311;-0.2983;-0.2566;-0.0509
-1.9101;2.7614;1.6006;0.7962;-0.0954;1.1194;1.1125;-0.4995;-0.327;0.7;3.293;-0.21;-0.986;1.0815;0.0637;-1.4042;0.0503;-2.0548;-2.6171;0.2193;-0.7449;-0.1824;-1.007;0.3415;4.3347;0.6594;0.5164;-0.698;5.0209;-1.242;-0.8095;0.047;-0.8212;-0.9038;1.2199;1.3306;6.4516;-1.0481;-1.1364;0.4912;-3.6218;-0.1484;-10.913;-1.9157;0.7721;1.2603;3.5761;0.7853;0.6661;-0.1309;0.6002;0.0118;0.2279
-0.3581;-0.6915;-0.6864;0.871;0.1681;1.5152;-0.6709;0.0;-0.3259;-1.1369;-0.782;0.0875;0.4843;1.1962;-0.1591;-0.5285;0.2805;-9.8765;0.7648;-2.4599;-0.0024;0.9733;0.4328;-0.0975;-0.8694;6.1796;-0.6159;-0.4212;1.7021;-0.4785;-0.9521;-1.6931;-1.2969;-0.576;1.864;-1.5568;6.8966;-0.5269;-10.9066;0.5314;-0.0629;0.3083;-1.0139;1.5564;-1.2359;0.2614;0.648;-0.7429;0.0779;0.1748;1.4616;-0.4142;-0.1577
-0.3276;-1.7136;-1.7743;2.0903;-1.3575;1.5385;1.3061;-0.0665;1.4325;-0.1481;0.2181;-0.1538;-6.0314;-0.1271;-0.6324;0.5848;-1.7416;-13.8298;1.826;0.3219;-0.9985;-0.2754;0.4297;3.2193;1.0368;5.4575;0.1542;0.1688;-1.2605;3.0826;0.0501;0.5105;-0.3151;0.0;-4.4693;-4.5026;5.4545;2.1062;1.211;-1.1514;0.5141;0.5236;-2.5375;0.1949;0.8753;0.0436;-1.4769;4.0;0.4872;-0.1496;1.9243;0.1829;-0.1011
-1.4218;-1.7857;0.7508;-1.9921;-1.8952;-10.6529;0.3075;-0.0665;-1.3855;0.0;-0.5591;-0.2824;1.2949;-1.0812;-2.6923;-1.2598;-1.2733;6.2147;-0.9574;-0.1072;-1.2423;-0.418;-0.6164;-1.0453;-1.1037;-2.899;-0.1198;-1.6801;-2.8571;-1.2982;-1.7488;-0.6863;-1.3393;1.473;-1.7833;-1.1914;-2.6549;-0.0801;3.6948;-1.1538;-0.5114;-0.9735;-5.4774;1.3834;-0.7764;2.0463;-2.7019;-0.4358;-1.2287;-0.7794;-0.2477;-0.5452;-0.8764
0.1545;-0.5842;-1.7217;0.5119;1.1579;-1.6892;-0.3835;0.1666;-1.4326;-0.3688;0.4629;0.0201;0.2388;2.0005;-1.8868;-1.2879;0.6572;-3.2787;0.4005;0.1073;0.6807;0.9627;-0.3241;1.1072;0.3501;3.9533;-0.239;0.4794;-0.8097;-1.5968;0.8946;-1.1992;0.344;-0.6042;2.0294;2.0469;3.6697;-1.0861;-1.872;-0.2615;0.1339;-0.3165;-0.1267;2.6369;-0.5236;3.3563;0.2401;2.0258;-1.731;0.1053;0.3106;0.2231;0.2197
0.9158;0.5647;2.8923;-2.0722;-0.0263;-3.268;-1.9174;-0.1995;1.2197;-1.1665;-1.7129;0.1246;-0.1875;2.3628;-1.1194;-1.5593;-5.5262;5.7803;-0.5048;2.193;-0.5897;-0.1974;0.1065;1.3776;0.9522;4.7167;1.0873;0.2926;4.2194;3.8127;-1.8537;-0.1516;-3.2056;0.655;0.3864;1.6018;-2.6786;0.9479;4.8447;2.2792;0.6263;-0.3574;2.0689;0.4073;-0.9337;2.2086;-1.8194;4.4542;1.0754;0.2919;2.6786;0.5101;0.0369
0.4797;-0.9436;-0.7891;-0.0779;-2.4802;-4.0752;0.5278;-0.8896;1.3599;-1.1767;-0.9609;0.04;10.3646;-1.1932;2.5092;-1.9154;0.9243;3.5928;-0.7122;-4.7022;-0.6862;-1.222;1.4194;0.9789;-0.5809;-1.6027;-2.4579;-0.8703;-3.2653;-0.5359;-0.7504;0.2583;-0.5697;1.5439;2.9656;-1.7394;-1.7544;-0.8493;-6.5041;4.9526;-0.2136;0.0526;-1.8121;-1.0081;-0.439;0.0;-1.4089;5.3117;-0.0341;-1.1723;0.0638;-0.3061;-0.4663
-0.1515;0.1755;0.6862;-0.089;0.6294;-0.9317;0.459;-1.365;-0.8039;-1.0691;0.8555;-0.0015;-0.0286;3.0749;-0.2899;0.4451;-1.6891;5.6962;-2.1172;-1.6444;-1.196;0.549;0.7173;-1.2716;0.2805;1.6978;-0.4024;-0.3304;0.0;0.7057;-2.3173;0.1522;0.0925;-0.0238;0.9493;0.8122;2.7027;0.0566;-0.7607;-0.6915;-0.2289;0.763;-0.6991;-2.2613;0.7021;-5.0;-0.8497;-2.6214;0.437;-0.7432;-0.8228;-0.0417;-0.107
1.9634;-0.8585;0.2172;-0.0222;0.6182;1.2579;0.3601;0.6213;-1.3708;0.6938;-0.5616;-0.0866;0.1315;3.86;-2.7592;1.7011;0.7135;-0.6289;0.5974;-4.3265;8.3384;-0.2998;-0.756;-1.4536;-0.8697;4.2109;-1.0945;-1.3045;-0.4065;2.3364;3.2723;-0.2278;-0.6355;0.1189;0.5507;0.3481;-0.8929;0.4896;0.6964;-0.9227;-1.0621;-1.7188;1.3004;0.2004;-0.9912;-4.1506;0.6085;1.1647;-0.959;-0.1703;1.2821;-0.1448;-0.0951
-4.6789;2.4372;3.0586;0.7393;0.7847;0.9524;0.2362;1.0575;0.7856;-0.9948;1.2959;0.0468;3.1859;3.4473;-1.706;0.4326;0.1917;1.2739;-0.6195;0.6931;1.7465;-2.5774;2.4648;0.1004;-0.2063;-3.7138;1.5322;0.9673;0.4082;0.7274;6.947;1.751;2.127;0.3819;5.3364;-2.1831;-2.6087;2.2468;0.1628;0.2937;0.6366;1.2649;-0.2779;1.4228;0.2064;1.6529;2.396;1.9999;1.3243;1.0074;2.1611;0.6158;0.7559
0.655;0.3519;-5.2315;0.4501;0.5629;11.7021;0.2661;-0.7869;-1.7957;-0.8687;-1.6943;0.0879;-4.1216;1.873;0.6457;1.6699;0.2597;-1.875;5.1574;-1.4634;0.4705;1.7966;-1.0994;-0.5489;0.6949;-4.7387;3.503;0.4133;0.823;-0.2561;1.7269;-0.2261;1.3232;-1.5507;1.8913;-0.066;0.0;0.7388;0.163;-1.4848;0.3233;1.0852;-0.8836;0.8197;0.0645;0.393;0.2528;-4.1336;-0.9961;1.0365;6.1154;0.4651;0.2129
-1.2279;-1.8902;0.2481;-4.0073;-3.141;-1.3986;-0.1753;-0.6838;0.1999;-0.6995;-1.9977;0.1429;2.2826;-0.0293;-0.8151;-0.1414;-1.5041;-6.9767;-0.4862;-2.381;-1.9226;-0.3092;0.2244;-1.2321;-0.4706;-14.1783;1.6115;-0.6773;0.8299;0.8176;-0.3706;-1.4733;-2.0869;-1.7771;-3.3511;-1.5505;0.0;-0.5018;-1.378;0.0984;-0.6579;-1.1156;-2.4079;-0.4082;-0.7431;-0.7799;-0.5547;-4.2858;-0.664;-0.5678;-14.7512;-0.7439;-0.9546
1.5685;0.8101;2.9176;0.336;0.6106;-5.298;1.3079;0.7877;0.0934;-0.3254;0.6725;-0.0673;-0.6243;8.1303;0.7479;-0.4963;0.8201;-6.5217;-0.7773;0.6711;-0.3355;0.2713;0.4659;0.9955;-0.0926;-14.012;-1.6202;0.5158;0.4167;0.1724;2.2463;-0.6938;0.5852;2.8483;-1.4634;1.6796;-7.2581;2.5488;0.4151;1.757;0.3143;0.6954;1.1785;1.2397;-0.0128;0.786;0.0888;-0.1214;1.3896;-0.1479;1.5033;0.2514;0.4491
2.7704;2.671;2.8507;1.2176;1.5383;-0.9836;4.0226;1.8382;2.2786;1.4141;2.8923;0.0506;-1.1209;8.6628;1.0372;1.1691;2.1658;8.8757;1.6621;3.1652;1.3023;0.8469;2.4953;2.4477;1.9907;1.4827;0.4374;0.9792;-0.4149;1.799;2.5819;0.4343;2.0953;4.6448;-0.7079;2.2162;0.813;1.2479;3.8812;3.8935;1.024;0.1286;3.5798;3.1983;0.1283;-0.1308;2.902;3.3514;1.694;1.292;1.3406;1.8232;1.6789
-0.0197;-0.4606;-1.5873;3.0289;0.1684;4.0956;-0.7005;0.4027;-0.2586;-1.4173;0.398;0.2503;1.0211;-0.4108;0.5812;-1.1482;0.1214;0.5952;-0.3259;-0.4921;0.6714;0.2482;-0.2049;0.4096;-0.2609;-15.2801;-0.1747;0.3135;0.4167;0.3081;0.5303;0.005;0.008;1.283;-1.1054;1.6714;5.1282;-0.2779;-1.6957;-0.4657;-0.0317;1.2693;0.7807;-0.2128;-0.5766;0.9687;-0.3643;0.9067;1.2171;-0.3421;6.5584;-0.0086;0.1608
1.0861;0.0525;-0.441;-2.1239;0.9422;1.0345;1.0067;0.3029;1.6462;2.3552;-4.1289;0.0437;-2.1913;7.4687;0.0149;1.048;0.4718;4.3478;-3.0287;1.1952;0.3347;-1.0981;0.3032;1.2442;0.7684;7.6003;-0.9344;0.9494;-2.439;0.0881;-0.5349;0.1517;0.008;1.2223;-1.7379;0.4466;2.6316;-0.2531;1.0471;2.1917;-0.0238;-0.4213;0.9071;1.0753;0.1926;-0.9594;-0.4984;1.1819;0.3656;0.5945;-2.5317;0.5381;0.3031
1.4048;-1.3524;-2.6824;-0.8228;0.5233;-9.6573;-0.1523;0.4395;1.3601;-0.5497;-0.585;0.1005;4.5421;0.7786;-0.1042;-0.3357;0.1646;-9.5506;-0.2102;-0.8885;-0.1623;1.3485;0.0;0.8891;0.0148;0.2889;-1.4495;-1.6393;-0.8065;1.0686;1.1966;-1.1301;-1.2822;0.8475;0.3269;0.4736;0.0;-1.1554;-1.4309;0.8115;-1.5311;-2.2698;-2.3998;-0.4283;-0.6631;-0.1307;-0.6676;1.0271;-0.3996;-0.56;0.5747;-0.4395;-0.3707
6.1706;5.3599;6.5549;3.0293;3.6924;2.8846;5.1279;4.708;6.2891;-0.2384;5.002;-0.1121;-0.1173;6.5166;4.872;2.0557;3.7457;11.25;1.4667;2.6342;2.848;2.1806;2.2276;4.6524;2.9676;4.993;1.4884;0.2914;2.9046;4.0778;5.5322;0.4823;3.0645;4.1733;0.695;4.5705;5.5556;1.7206;3.1205;6.5447;0.6684;-1.6509;2.3245;3.3186;2.2692;1.8182;5.0922;5.5108;5.1256;2.1483;6.3859;2.4378;2.4727
-1.5584;-2.9595;-3.9531;-1.8744;-0.9478;-2.1944;-1.6529;-1.2928;-0.769;-1.1781;1.4762;0.0547;-0.8362;3.7705;-3.1897;-1.3964;0.4482;-5.3254;0.0534;-4.3605;1.0344;-2.1213;-0.668;-0.1639;-1.4177;-4.1163;1.067;-1.3144;-0.4132;-1.0092;0.5137;0.5151;-1.1064;-2.9343;-2.1475;-0.1013;-5.2632;-1.3625;-3.0488;-2.2155;-0.1962;1.4003;-2.6007;-0.4405;-0.4931;-1.4423;-3.1455;-2.2814;-1.77;-1.7976;-2.5811;-0.811;-0.7952
-1.1837;-1.9386;-0.9427;-0.1771;-1.6583;-1.2384;-0.7522;1.1665;-0.3537;0.8315;-0.8086;-0.1475;0.8396;1.727;-2.5773;-1.0989;-2.9742;-5.0562;0.6715;0.5848;-3.7596;-1.5089;-0.073;-2.2958;-0.811;0.472;-0.3486;-0.9963;-0.8197;0.4608;0.2727;-0.5325;-1.3887;0.2603;-0.534;-2.6423;1.7857;-0.4047;-0.9754;1.5415;-1.4998;-0.2206;-0.1507;-0.4386;-0.9002;-0.0873;-2.9778;0.1552;-1.1334;-1.5849;0.332;-0.4522;-0.5805
0.4419;-1.9017;-1.5352;-0.0111;-1.9092;2.8662;-2.3091;-1.0493;-1.2802;1.5685;-1.6407;-0.0613;-0.7356;-0.794;-2.7221;-0.6052;-0.385;-7.772;2.5055;1.2833;-1.2528;-1.0086;-0.3223;-1.1088;-1.0892;-0.0225;-0.0523;-0.8068;0.8264;0.9302;-2.7123;-0.46;-2.257;2.9483;0.7894;-1.2023;0.9009;-0.3204;1.5566;-0.3808;-0.7062;-0.6575;4.1662;-1.2987;-1.4449;0.2627;-2.8847;1.5854;0.9889;-1.4132;1.3459;-0.83;-0.8817
0.5714;1.348;1.8545;1.9986;2.0637;1.2903;-0.3408;0.669;-0.2756;0.1692;0.856;-0.071;0.4362;3.6379;0.5329;0.3406;0.912;1.5789;-2.0092;1.3;1.4351;1.2146;-0.1039;-0.4206;1.1614;-0.8246;0.6664;0.7724;0.0;-1.2402;2.2919;0.3865;0.6715;3.4664;3.6009;1.3711;5.7143;-0.3429;0.0;2.3382;-0.1839;-0.2498;1.6074;1.3158;-0.0127;-0.566;1.8463;8.1979;2.2661;0.4753;1.8506;0.383;0.5872
3.2279;2.1804;3.0735;1.9807;0.5395;-1.2739;0.6321;0.0;0.1307;0.1695;1.325;-0.0416;-0.3784;3.0344;2.1029;0.8438;1.412;-0.5236;0.4089;1.2146;2.0591;2.1381;0.8536;0.3165;-0.5921;5.9004;1.0276;0.7165;3.4188;0.8804;-0.7483;0.1156;1.4657;4.1595;-1.0394;1.8213;0.0;2.076;-0.8651;3.1499;0.4;-0.5487;6.3691;0.4405;2.935;0.2619;1.608;2.761;1.967;0.3793;2.3142;0.3275;0.6795
-1.881;-2.0777;-2.4497;-1.8646;0.0781;-1.875;-1.6613;-1.0108;-1.5868;2.0257;-0.513;-0.0889;0.8813;-5.6421;-2.369;-0.1342;-1.1362;-1.5464;-1.3448;-0.8032;-0.9377;-1.0319;-0.2612;-2.4691;-0.9747;8.4741;-0.1769;0.5144;-2.0921;-0.8728;-1.7064;-0.4253;-0.5359;-2.862;-2.0007;-1.7388;-1.8692;-0.9445;-0.9724;-2.1347;0.7284;0.5727;-1.4534;-0.6565;-1.1221;0.5707;-2.8495;0.1365;-2.1215;-0.238;-4.2953;-0.7629;-0.8424
2.0899;0.1149;-0.2189;1.7711;-0.1162;-8.3095;1.6923;0.702;1.1277;0.847;-0.3386;0.1475;3.2333;1.1499;0.942;0.1793;-0.2698;0.0;1.3908;0.6061;-0.1555;1.2832;1.3446;1.25;0.0733;-1.2639;-0.5103;-2.1148;3.0172;-0.3661;0.8905;-0.06;-0.6031;2.6202;2.9974;-1.5178;-2.7273;0.5288;-0.1387;1.8791;-0.7842;-0.4044;12.1772;1.5556;0.3625;0.7519;1.5795;6.4079;0.206;-0.2314;4.5614;0.3907;0.2832
1.7366;2.6483;3.9833;3.352;2.4346;-3.0556;0.6361;2.6297;5.0896;1.1083;0.4729;0.0765;1.0289;2.488;5.0228;0.8438;2.4603;9.6045;0.4382;3.5565;0.9336;1.4903;-1.6094;0.0521;2.9912;1.1506;-0.4554;-0.4012;3.5714;2.7268;3.1221;0.4976;1.1809;2.6907;5.1616;2.1351;7.8431;0.6776;-0.3915;3.3125;0.0769;-0.9145;1.5382;1.1236;1.0993;0.1329;5.7407;-1.4118;0.8977;1.6903;4.0146;1.1225;1.2058
